;;2;3;4;5;6;;;;;;;
;Genero;Titulo;Ano;Ficheiro Cartaz;Sumario;URL - Trailler;;;Generos;;Starts at;Ends at;
2;COMEDY;Parasitas;2019;Parasitas.jpg;Greed and class discrimination threaten the newly formed symbiotic relationship between the wealthy Park family and the destitute Kim clan.;https://www.youtube.com/watch?v=m4jfE-TxC24;;;COMEDY;20;2;21;COMEDY
3;COMEDY;Hababam Sinifi;1975;Hababam_Sinifi.jpg;Lazy, uneducated students share a very close bond. They live together in the dormitory, where they plan their latest pranks. When a new headmaster arrives, the students naturally try to overthrow him. A comic war of nitwits follows.;https://www.youtube.com/watch?v=3A-JM0LVYjs;;;SCI-FI;30;22;51;SCI-FI
4;COMEDY;Intouchables ;2011;Intouchables.jpg;After he becomes a quadriplegic from a paragliding accident, an aristocrat hires a young man from the projects to be his caregiver.;https://www.youtube.com/watch?v=oK5hMNxqsFA;;;ROMANCE;20;52;71;ROMANCE
5;COMEDY;O Grande Ditador;1940;The_Great_Dictator.jpg;Dictator Adenoid Hynkel tries to expand his empire while a poor Jewish barber tries to avoid persecution from Hynkel's regime.;https://www.youtube.com/watch?v=WX5L-JcGjEE;;;ACTION;20;72;91;ACTION
6;COMEDY;O Fabuloso Destino de Amélie;2001;Fabuloso_Destino_Amelie.jpg;Amélie is an innocent and naive girl in Paris with her own sense of justice. She decides to help those around her and, along the way, discovers love.;https://www.youtube.com/watch?v=To7QjAdT8jo;;;THRILLER;20;92;111;THRILLER
7;COMEDY;Monty Python e o Cálice Sagrado;1975;Holly_grail.jpg;King Arthur and his Knights of the Round Table embark on a surreal, low-budget search for the Holy Grail, encountering many, very silly obstacles.;https://www.youtube.com/watch?v=urRkGvhXc8w;;;DRAMA;20;112;131;DRAMA
8;COMEDY;A Vida de Brian;1979;AVida_de_Brian.jpg;Born on the original Christmas in the stable next door to Jesus Christ, Brian of Nazareth spends his life being mistaken for a messiah.;https://www.youtube.com/watch?v=TKPmGjVFbrY;;;ANIMATION;20;132;151;ANIMATION
9;COMEDY;O Sentido da Vida;1983;O_Sentido_da_Vida.jpg;The comedy team takes a look at life in all of its stages in their own uniquely silly way.;https://www.youtube.com/watch?v=VGG0UHpHJFs;;;ADVENTURE;20;152;171;ADVENTURE
10;COMEDY;Grand Budapest Hotel;2014;Grand_Budapest_Hotel.jpg;A writer encounters the owner of an aging high-class hotel, who tells him of his early years serving as a lobby boy in the hotel's glorious years under an exceptional concierge.;https://www.youtube.com/watch?v=zru-1DbbcsA;;;FAMILY;20;172;191;FAMILY
11;COMEDY;The Big Lebowski;1998;The_Big_Lebowski.jpg;"Ultimate L.A. slacker Jeff ""The Dude"" Lebowski, mistaken for a millionaire of the same name, seeks restitution for a rug ruined by debt collectors, enlisting his bowling buddies for help while trying to find the millionaire's missing wife.";https://www.youtube.com/watch?v=cd-go0oBF4Y;;;FANTASY;20;192;211;FANTASY
12;COMEDY;Underground: Era Uma Vez Um País;1995;Underground.jpg;A group of Serbian socialists prepares for the war in a surreal underground filled by parties, tragedies, love, and hate.;https://www.youtube.com/watch?v=rYTvmLvLchs;;;SUPERHERO;20;212;231;SUPERHERO
13;COMEDY;Mimi;2021;mimi.jpg;Mimi is introduced by Bhanu to an American couple as a surrogate in exchange for Rs 2 million. She decides to have the baby even when they change their mind and tells her parent that Bhanu is the father.;https://www.youtube.com/watch?v=NfdUnHF2ebQ;;;COMEDY-ROMANCE;20;232;251;COMEDY-ROMANCE
14;COMEDY;Gato Preto, Gato Branco;1998;Gato_Preto_Gato_Branco.jpg;Matko and his son Zare live on the banks of the Danube river and get by through hustling and basically doing anything to make a living. In order to pay off a business debt Matko agrees to marry off Zare to the sister of a local gangster.;https://www.youtube.com/watch?v=Lxw0ea_UiZ4;;;HORROR;10;252;261;HORROR
15;COMEDY;Johnny English;2003;Johnny_English.jpg;After a sudden attack on MI5, Johnny English, Britain's most confident, yet unintelligent spy, becomes Britain's only spy.;https://www.youtube.com/watch?v=EG0MR5dFz7E;;;MISTERY;10;262;271;MISTERY
16;COMEDY;Johnny English Volta a Atacar;2018;Johnny_English_Volta_Atacar.jpg;After a cyber-attack reveals the identity of all of the active undercover agents in Britain, Johnny English is forced to come out of retirement to find the mastermind hacker.;https://www.youtube.com/watch?v=OpOERyezBtk;;;CRIME;10;272;281;CRIME
17;COMEDY;Bean: Um Autêntico Desastre;1997;Bean_Um_Autentico_Desastre.jpg;The bumbling Mr. Bean travels to America when he is given the responsibility of bringing a highly valuable painting to a Los Angeles museum.;https://www.youtube.com/watch?v=Zb7f2jS9aEE;;;COMEDY-ACTION;10;282;291;COMEDY-ACTION
18;COMEDY;Quatro Casamentos E Um Funeral;1994;Quatro_Casamentos_Um_Funeral.jpg;Over the course of five social occasions, a committed bachelor must consider the notion that he may have discovered love.;https://www.youtube.com/watch?v=Taypa-Tyk8o;;;MUSICAL;10;292;301;MUSICAL
19;COMEDY;A Pior Pessoa do Mundo;2021;A_Pior_Pessoa_Mundo.jpg;The chronicles of four years in the life of Julie, a young woman who navigates the troubled waters of her love life and struggles to find her career path, leading her to take a realistic look at who she really is.;https://www.youtube.com/watch?v=mwPR9UeRy4Q;;;BIBLOGRAPHY;10;302;311;BIBLOGRAPHY
20;COMEDY;Quase Famosos;2000; Almost_Famous.jpg;A high-school boy in the early 1970s is given the chance to write a story for Rolling Stone magazine about an up-and-coming rock band as he accompanies them on their concert tour.;https://www.youtube.com/watch?v=aQXh_AaJXaM;;;HISTORY;10;312;321;HISTORY
2;SCI-FI;A origem;2010;a_origem.jpg;A thief who steals corporate secrets through the use of dream-sharing technology is given the inverse task of planting an idea into the mind of a C.E.O., but his tragic past may doom the project and his team to disaster.;https://www.youtube.com/watch?v=YoHD9XEInc0;;;WESTERN;10;322;331;WESTERN
3;SCI-FI;Interstellar;2014;Interstellar.jpg;A team of explorers travel through a wormhole in space in an attempt to ensure humanity's survival.;https://www.youtube.com/watch?v=zSWdZVtXT7E;;;WAR;10;332;341;WAR
4;SCI-FI;Matrix;1999;Matrix.jpg;When a beautiful stranger leads computer hacker Neo to a forbidding underworld, he discovers the shocking truth--the life he knows is the elaborate deception of an evil cyber-intelligence.;https://www.youtube.com/watch?v=vKQi3bBA1y8;;;CULT;10;342;351;CULT
5;SCI-FI;Memento ;2000;memento.jpg;A man with short-term memory loss attempts to track down his wife's murderer.;https://www.youtube.com/watch?v=HDWylEQSwFo;;;;;;;
6;SCI-FI;Star Wars: Episódio V - O Império Contra-Ataca;1980;starwars5_imperio_contra_ataque.jpg;After the Rebels are brutally overpowered by the Empire on the ice planet Hoth, Luke Skywalker begins Jedi training with Yoda, while his friends are pursued across the galaxy by Darth Vader and bounty hunter Boba Fett.;https://www.youtube.com/watch?v=aCj81910awU;;;;;;;
7;SCI-FI;Exterminador Implacável 2: O dia do julgamento;1991;ExterminadorImplacavel2_dia_do_julgamento.jpg;A cyborg, identical to the one who failed to kill Sarah Connor, must now protect her ten-year-old son John from a more advanced and powerful cyborg.;https://www.youtube.com/watch?v=hRrNL9bRPz0;;;;;;;
8;SCI-FI;Star Wars;1977;star_wars.jpg;Luke Skywalker joins forces with a Jedi Knight, a cocky pilot, a Wookiee and two droids to save the galaxy from the Empire's world-destroying battle station, while also attempting to rescue Princess Leia from the mysterious Darth Vader.;https://www.youtube.com/watch?v=1g3_CFmnU7k;;;;;;;
9;SCI-FI;Regresso ao Futuro;1985;regresso_ao_futuro.jpg;Marty McFly, a 17-year-old high school student, is accidentally sent thirty years into the past in a time-traveling DeLorean invented by his close friend, the eccentric scientist Doc Brown.;https://www.youtube.com/watch?v=qvsgGtivCgs;;;;;;;
10;SCI-FI;Alien - O 8.º Passageiro;1979;Alien-8Passageiro.jpg;The crew of a commercial spacecraft encounter a deadly lifeform after investigating an unknown transmission.;https://www.youtube.com/watch?v=gHbz9HQ4EM0;;;;;;;
11;SCI-FI;Alien 2 - O Recontro Final;1986;aliens2.jpg;Fifty-seven years after surviving an apocalyptic attack aboard her space vessel by merciless space creatures, Officer Ripley awakens from hyper-sleep and tries to warn anyone who will listen about the predators.;https://www.youtube.com/watch?v=juY8XiFYbH8;;;;;;;
12;SCI-FI;O Despertar da Mente;2004;Eternal_Sunshine_Spotless Mind.jpg;When their relationship turns sour, a couple undergoes a medical procedure to have each other erased from their memories.;https://www.youtube.com/watch?v=yE-f1alkq9I;;;;;;;
13;SCI-FI;Star Wars: Episódio VI - O Regresso de Jedi;1983;StarWars_VI_O_Regresso_Jedi.jpg;After a daring mission to rescue Han Solo from Jabba the Hutt, the Rebels dispatch to Endor to destroy the second Death Star. Meanwhile, Luke struggles to help Darth Vader back from the dark side without falling into the Emperor's trap.;https://www.youtube.com/watch?v=1GjZ0m_mKmM;;;;;;;
14;SCI-FI;Laranja Mecânica;1971;Laranja_Mecanica.jpg;In the future, a sadistic gang leader is imprisoned and volunteers for a conduct-aversion experiment, but it doesn't go as planned.;https://www.youtube.com/watch?v=eRerbaI9axY;;;;;;;
15;SCI-FI;2001: Odisseia no Espaço;1968;2001_Odisseia_Espaco.jpg;"The Monoliths push humanity to reach for the stars; after their discovery in Africa generations ago, the mysterious objects lead mankind on an awesome journey to Jupiter, with the help of H.A.L. 9000: the world's greatest supercomputer.";https://www.youtube.com/watch?v=oR_e9y-bka0;;;;;;;
16;SCI-FI;Veio do Outro Mundo;1982;Veio_Outro_Mundo.jpg;A research team in Antarctica is hunted by a shape-shifting alien that assumes the appearance of its victims.;https://www.youtube.com/watch?v=5ftmr17M-a4;;;;;;;
17;SCI-FI;Logan ;2017;Logan.jpg;In a future where mutants are nearly extinct, an elderly and weary Logan leads a quiet life. But when Laura, a mutant child pursued by scientists, comes to him for help, he must get her to safety.;https://www.youtube.com/watch?v=KPND6SgkN7Q;;;;;;;
18;SCI-FI;Mad Max: A Estrada da Morte;2015;Mad_Max_Estrada_Morte.jpg;In a post-apocalyptic wasteland, a woman rebels against a tyrannical ruler in search for her homeland with the aid of a group of female prisoners, a psychotic worshiper, and a drifter named Max;https://www.youtube.com/watch?v=hEJnMQG9ev8&t=62s;;;;;;;
19;SCI-FI;Dune - Duna;2021;Dune.jpg;A noble family becomes embroiled in a war for control over the galaxy's most valuable asset while its heir becomes troubled by visions of a dark future.;https://www.youtube.com/watch?v=8g18jFHCLXk;;;;;;;
20;SCI-FI;O Exterminador Implacável;1984;ExterminadorImplacavel.jpg;A human soldier is sent from 2029 to 1984 to stop an almost indestructible cyborg killing machine, sent from the same year, which has been programmed to execute a young woman whose unborn son is the key to humanity's future salvation.;https://www.youtube.com/watch?v=k64P4l2Wmeg;;;;;;;
21;SCI-FI;Blade Runner - Perigo Iminente;1982;Blade_Runner_Perigo_Iminente.jpg;A blade runner must pursue and terminate four replicants who stole a ship in space, and have returned to Earth to find their creator.;https://www.youtube.com/watch?v=eogpIG53Cis;;;;;;;
22;SCI-FI;Perdido em Marte;2015;Perdido_em_Marte.jpg;An astronaut becomes stranded on Mars after his team assume him dead, and must rely on his ingenuity to find a way to signal to Earth that he is alive and can survive until a potential rescue.;https://www.youtube.com/watch?v=UarI5NudfZI;;;;;;;
23;SCI-FI;Blade Runner 2049;2017;Blade_Runner_2049.jpg;Young Blade Runner K's discovery of a long-buried secret leads him to track down former Blade Runner Rick Deckard, who's been missing for thirty years.;https://www.youtube.com/watch?v=gCcx85zbxz4;;;;;;;
24;SCI-FI;Uma História de Amor;2013;Uma_Historia_Amor.jpg;In a near future, a lonely writer develops an unlikely relationship with an operating system designed to meet his every need.;https://www.youtube.com/watch?v=dJTU48_yghs;;;;;;;
25;SCI-FI;12 Macacos;1995;12_Macacos.jpg;In a future world devastated by disease, a convict is sent back in time to gather information about the man-made virus that wiped out most of the human population on the planet.;https://www.youtube.com/watch?v=15s4Y9ffW_o;;;;;;;
26;SCI-FI;Solaris;1972;Solaris.jpg;A psychologist is sent to a station orbiting a distant planet in order to discover what has caused the crew to go insane.;https://www.youtube.com/watch?v=9LMMn8czq2w;;;;;;;
27;SCI-FI;Planet of the Apes;1968;Planet_of_the_Apes.jpg;An astronaut crew crash-lands on a planet in the distant future where intelligent talking apes are the dominant species, and humans are the oppressed and enslaved.;https://www.youtube.com/watch?v=CWIbQqbivVc;;;;;;;
28;SCI-FI;Arrival;2016;Arrival.jpg;A linguist works with the military to communicate with alien lifeforms after twelve mysterious spacecraft appear around the world.;https://www.youtube.com/watch?v=tFMo3UJ4B4g;;;;;;;
29;SCI-FI;The Man from Earth;2007;The_Man_from_Earth.jpg;An impromptu goodbye party for Professor John Oldman becomes a mysterious interrogation after the retiring scholar reveals to his colleagues he has a longer and stranger past than they can imagine.;https://www.youtube.com/watch?v=9mOIxyRTY5I;;;;;;;
30;SCI-FI;Star Wars: Episódio VII - O Despertar da Força;2015;Star_Wars_VII_O_Despertar_Forca.jpg;As a new threat to the galaxy rises, Rey, a desert scavenger, and Finn, an ex-stormtrooper, must join Han Solo and Chewbacca to search for the one hope of restoring peace.;https://www.youtube.com/watch?v=ZwCrV8QiQI4;;;;;;;
31;SCI-FI;Edge of Tomorrow;2014;Edge_of_Tomorrow.jpg;A soldier fighting aliens gets to relive the same day over and over again, the day restarting every time he dies.;https://www.youtube.com/watch?v=vw61gCe2oqI;;;;;;;
2;ROMANCE;Forrest Gump;1994;Forrest_Gump.jpg;The presidencies of Kennedy and Johnson, the Vietnam War, the Watergate scandal and other historical events unfold from the perspective of an Alabama man with an IQ of 75, whose only desire is to be reunited with his childhood sweetheart.;https://www.youtube.com/watch?v=bLvqoHBptjg;;;;;;;
3;ROMANCE;Life Is Beautiful;1997;LifeIsBeautiful.jpg;When an open-minded Jewish waiter and his son become victims of the Holocaust, he uses a perfect mixture of will, humor, and imagination to protect his son from the dangers around their camp.;https://www.youtube.com/watch?v=pAYEQP8gx3w;;;;;;;
4;ROMANCE;It's a Wonderful Life;1946;It'sAWonderfulLife.png;An angel is sent from Heaven to help a desperately frustrated businessman by showing him what life would have been like if he had never existed.;https://www.youtube.com/watch?v=iLR3gZrU2Xo;;;;;;;
5;ROMANCE;96 (II);2018;96ii.jpg;Two high school sweethearts meet at a reunion after 22 years and reminisce about their past.;https://www.youtube.com/watch?v=3ABbi-ALxBo;;;;;;;
6;ROMANCE;Cinema Paradiso;1988;CinemaParadiso.jpg;A filmmaker recalls his childhood when falling in love with the pictures at the cinema of his home village and forms a deep friendship with the cinema's projectionist.;https://www.youtube.com/watch?v=C2-GX0Tltgw;;;;;;;
7;ROMANCE;Casablanca;1942;Casablanca.jpg;A cynical expatriate American cafe owner struggles to decide whether or not to help his former lover and her fugitive husband escape the Nazis in French Morocco.;https://www.youtube.com/watch?v=BkL9l7qovsE;;;;;;;
8;ROMANCE;Modern Times;1936;ModernTimes.jpg;The Tramp struggles to live in modern industrial society with the help of a young homeless woman.;https://www.youtube.com/watch?v=NNznUyDmSFc;;;;;;;
9;ROMANCE;City Lights;1931;CityLights.jpg;With the aid of a wealthy erratic tippler, a dewy-eyed tramp who has fallen in love with a sightless flower girl accumulates money to be able to help her medically.;https://www.youtube.com/watch?v=7vl7F8S4cpQ;;;;;;;
10;ROMANCE;Your Name;2016;YourName.jpg;Two strangers find themselves linked in a bizarre way. When a connection forms, will distance be the only thing to keep them apart?;https://www.youtube.com/watch?v=xU47nhruN-Q;;;;;;;
11;ROMANCE;Crazy, Stupid, Love.;2011;CrazyStupidLove.jpg;A middle-aged husband's life changes dramatically when his wife asks him for a divorce. He seeks to rediscover his manhood with the help of a newfound friend, Jacob, learning to pick up girls at bars.;https://www.youtube.com/watch?v=8iCwtxJejik;;;;;;;
12;ROMANCE;Titanic;1997;Titanic.jpg;A seventeen-year-old aristocrat falls in love with a kind but poor artist aboard the luxurious, ill-fated R.M.S. Titanic.;https://www.youtube.com/watch?v=jUm88F3MEbQ;;;;;;;
13;ROMANCE;Eternal Sunshine of the Spotless Mind;2004;EternalSunshineOfTheSpotlessMind.jpg;When their relationship turns sour, a couple undergoes a medical procedure to have each other erased from their memories.;https://www.youtube.com/watch?v=yE-f1alkq9I;;;;;;;
14;ROMANCE;Good Will Hunting;1997;GoodWillHunting.jpg;Will Hunting, a janitor at M.I.T., has a gift for mathematics, but needs help from a psychologist to find direction in his life.;https://www.youtube.com/watch?v=PaZVjZEFkRs;;;;;;;
15;ROMANCE;Slumdog Millionaire;2008;SlumdogMillionaire.jpg;"A Mumbai teenager reflects on his life after being accused of cheating on the Indian version of ""Who Wants to be a Millionaire?"".";https://www.youtube.com/watch?v=AIzbwV7on6Q;;;;;;;
16;ROMANCE;Amélie;2001;Amelie.jpg;Amélie is an innocent and naive girl in Paris with her own sense of justice. She decides to help those around her and, along the way, discovers love.;https://www.youtube.com/watch?v=HUECWi5pX7o;;;;;;;
17;ROMANCE;Silver Linings Playbook;2012;SilverLiningsPlaybook.jpg;After a stint in a mental institution, former teacher Pat Solitano moves back in with his parents and tries to reconcile with his ex-wife. Things get more challenging when Pat meets Tiffany, a mysterious girl with problems of her own.;https://www.youtube.com/watch?v=_-P-13H5ZhA;;;;;;;
18;ROMANCE;Shrek;2001;Shrek.jpg;A mean lord exiles fairytale creatures to the swamp of a grumpy ogre, who must go on a quest and rescue a princess for the lord in order to get his land back.;https://www.youtube.com/watch?v=CwXOrWvPBPk;;;;;;;
19;ROMANCE;The Curious Case of Benjamin Button;2008;TheCuriousCaseOfBenjaminButton.jpg;Tells the story of Benjamin Button, a man who starts aging backwards with consequences.;https://www.youtube.com/watch?v=iH6FdW39Hag;;;;;;;
20;ROMANCE;Groundhog Day;1993;GroundhogDay.jpg;A self-centered Pittsburgh weatherman finds himself inexplicably trapped in a small town as he lives the same day over and over again.;https://www.youtube.com/watch?v=GncQtURdcE4;;;;;;;
21;ROMANCE;Her;2013;Her.jpg;In a near future, a lonely writer develops an unlikely relationship with an operating system designed to meet his every need.;https://www.youtube.com/watch?v=dJTU48_yghs;;;;;;;
2;ACTION;K.G.F: Chapter 2;2022;KGFChapter2.jpg;In the blood-soaked Kolar Gold Fields, Rocky's name strikes fear into his foes. While his allies look up to him, the government sees him as a threat to law and order. Rocky must battle threats from all sides for unchallenged supremacy.;https://www.youtube.com/watch?v=JKa05nyUmuQ;;;;;;;
3;ACTION;The Dark Knight;2008;TheDarkKnight.jpg;When the menace known as the Joker wreaks havoc and chaos on the people of Gotham, Batman must accept one of the greatest psychological and physical tests of his ability to fight injustice.;https://www.youtube.com/watch?v=EXeTwQWrcwY;;;;;;;
4;ACTION;The Lord of the Rings: The Return of the King;2003;TheLordOfTheRingsTheReturnOfTheKing.jpg;Gandalf and Aragorn lead the World of Men against Sauron's army to draw his gaze from Frodo and Sam as they approach Mount Doom with the One Ring.;https://www.youtube.com/watch?v=r5X-hFf6Bwo;;;;;;;
5;ACTION;RRR;2022;RRR.jpg;A fictitious story about two legendary revolutionaries and their journey away from home before they started fighting for their country in 1920's.;https://www.youtube.com/watch?v=GY4BgdUSpbE;;;;;;;
6;ACTION;Inception;2010;Inception.jpg;A thief who steals corporate secrets through the use of dream-sharing technology is given the inverse task of planting an idea into the mind of a C.E.O., but his tragic past may doom the project and his team to disaster.;https://www.youtube.com/watch?v=YoHD9XEInc0;;;;;;;
7;ACTION;The Lord of the Rings: The Two Towers;2002;TheLordOfTheRingsTheTwoTowers.jpg;While Frodo and Sam edge closer to Mordor with the help of the shifty Gollum, the divided fellowship makes a stand against Sauron's new ally, Saruman, and his hordes of Isengard.;https://www.youtube.com/watch?v=LbfMDwc4azU;;;;;;;
8;ACTION;The Lord of the Rings: The Fellowship of the Ring;2001;TheLordOfRingsTheFellowshipOfTheRing.jpg;A meek Hobbit from the Shire and eight companions set out on a journey to destroy the powerful One Ring and save Middle-earth from the Dark Lord Sauron.;https://www.youtube.com/watch?v=V75dMMIW2B4;;;;;;;
9;ACTION;The Mountain II;2016;TheMountainII.jpg;In a desolate war zone where screams of the innocent echo, seven Maroon Berets will dance with death on the very line between disaster and valor.;https://www.youtube.com/watch?v=zLiIXlikNrs;;;;;;;
10;ACTION;The Matrix;1999;TheMatrix.jpg;When a beautiful stranger leads computer hacker Neo to a forbidding underworld, he discovers the shocking truth--the life he knows is the elaborate deception of an evil cyber-intelligence.;https://www.youtube.com/watch?v=vKQi3bBA1y8;;;;;;;
11;ACTION;Star Wars: Episode V - The Empire Strikes Back;1980;StarWarsEpisodeVTheEmpireStrikesBack.jpg;After the Rebels are brutally overpowered by the Empire on the ice planet Hoth, Luke Skywalker begins Jedi training with Yoda, while his friends are pursued across the galaxy by Darth Vader and bounty hunter Boba Fett.;https://www.youtube.com/watch?v=JNwNXF9Y6kY;;;;;;;
12;ACTION;Terminator 2: Judgment Day;1991;Terminator2JudgmentDay.jpg;A cyborg, identical to the one who failed to kill Sarah Connor, must now protect her ten-year-old son John from a more advanced and powerful cyborg.;https://www.youtube.com/watch?v=CRRlbK5w8AE;;;;;;;
13;ACTION;Hara-Kiri;1962;HaraKiri.jpg;When a ronin requesting seppuku at a feudal lord's palace is told of the brutal suicide of another ronin who previously visited, he reveals how their pasts are intertwined - and in doing so challenges the clan's integrity.;https://www.youtube.com/watch?v=gfABwM-Ppng;;;;;;;
14;ACTION;Asuran;2019;Asuran.jpg;The teenage son of a farmer from an underprivileged caste kills a rich, upper caste landlord. Will the farmer, a loving father and a pacifist by heart, be able to save his hot-blooded son is the rest of the story.;https://www.youtube.com/watch?v=vOCM9wztBYQ;;;;;;;
15;ACTION;Avengers: Infinity War;2018;AvengersInfinityWar.jpg;The Avengers and their allies must be willing to sacrifice all in an attempt to defeat the powerful Thanos before his blitz of devastation and ruin puts an end to the universe.;https://www.youtube.com/watch?v=6ZfuNTqbHE8;;;;;;;
16;ACTION;Gladiator;2000;Gladiator.jpg;A former Roman General sets out to exact vengeance against the corrupt emperor who murdered his family and sent him into slavery.;https://www.youtube.com/watch?v=owK1qxDselE;;;;;;;
17;ACTION;Léon: The Professional;1994;LeonTheProfessional.jpg;12-year-old Mathilda is reluctantly taken in by Léon, a professional assassin, after her family is murdered. An unusual relationship forms as she becomes his protégée and learns the assassin's trade.;https://www.youtube.com/watch?v=aNQqoExfQsg;;;;;;;
18;ACTION;K.G.F: Chapter 1;2018;KGFChapter1.jpg;In the 1970s, a gangster goes undercover as a slave to assassinate the owner of a notorious gold mine.;https://www.youtube.com/watch?v=-KfsY-qwBS0;;;;;;;
19;ACTION;Dangal;2016;Dangal.jpg;Former wrestler Mahavir Singh Phogat and his two wrestler daughters struggle towards glory at the Commonwealth Games in the face of societal oppression.;https://www.youtube.com/watch?v=x_7YlGv9u1g;;;;;;;
20;ACTION;Spider-Man: Into the Spider-Verse;2018;SpiderManIntoTheSpiderVerse.jpg;Teen Miles Morales becomes the Spider-Man of his universe, and must join with five spider-powered individuals from other dimensions to stop a threat for all realities.;https://www.youtube.com/watch?v=g4Hbz2jLxvQ;;;;;;;
21;ACTION;Avengers: Endgame;2019;AvengersEndgame.jpg;After the devastating events of Avengers: Infinity War (2018), the universe is in ruins. With the help of remaining allies, the Avengers assemble once more in order to reverse Thanos' actions and restore balance to the universe.;https://www.youtube.com/watch?v=TcMBFSGVi1c;;;;;;;
2;THRILLER;Mirror Game;2016;MirrorGame.jpg;Ayna is an actor and the prison is his stage. He slips into the characters of the powerful convicted in exchange of money and take their place in prison. This strange profession is borne out of a society that doesn't give him a chance to follow his passion of acting, but forces him to act in the real life. Falling in love with the girl next door changes his life equation and he decides to end this career with one last performance. But this one takes him too deep in the rabbit hole. The story unfolds on how an underdog survives in a society that is merciless and struggles his way out from the clutch of crime game in which he is a part too.;https://www.youtube.com/watch?v=POAOWFWJsnM;;;;;;;
3;THRILLER;Se7en;1995;Se7en.jpg;Two detectives, a rookie and a veteran, hunt a serial killer who uses the seven deadly sins as his motives.;https://www.youtube.com/watch?v=znmZoVkCjpI;;;;;;;
4;THRILLER;The Silence of the Lambs;1991;TheSilenceOfTheLambs.jpg;A young F.B.I. cadet must receive the help of an incarcerated and manipulative cannibal killer to help catch another serial killer, a madman who skins his victims.;https://www.youtube.com/watch?v=W6Mm8Sbe__o;;;;;;;
5;THRILLER;Parasite;2019;Parasite.jpg;Greed and class discrimination threaten the newly formed symbiotic relationship between the wealthy Park family and the destitute Kim clan.;https://www.youtube.com/watch?v=5xH0HfJHsaY;;;;;;;
6;THRILLER;The Prestige;2006;ThePrestige.jpg;After a tragic accident, two stage magicians in 1890s London engage in a battle to create the ultimate illusion while sacrificing everything they have to outwit each other.;https://www.youtube.com/watch?v=RLtaA9fFNXU;;;;;;;
7;THRILLER;The Departed;2006;TheDeparted.jpg;An undercover cop and a mole in the police attempt to identify each other while infiltrating an Irish gang in South Boston.;https://www.youtube.com/watch?v=iQpb1LoeVUc;;;;;;;
8;THRILLER;O Sexto Sentido;1999;sexto sentido.jpg;A frightened, withdrawn Philadelphia boy who communicates with spirits seeks the help of a disheartened child psychologist.;https://www.youtube.com/watch?v=3-ZP95NF_Wk;;;;;;;
9;THRILLER;The Usual Suspects;1995;TheUsualSuspects.jpg;A sole survivor tells of the twisty events leading up to a horrific gun battle on a boat, which began when five criminals met at a seemingly random police lineup.;https://www.youtube.com/watch?v=oiXdPolca5w;;;;;;;
10;THRILLER;Psycho;1960;Psycho.jpg;A Phoenix secretary embezzles $40,000 from her employer's client, goes on the run, and checks into a remote motel run by a young man under the domination of his mother.;https://www.youtube.com/watch?v=Wz719b9QUqY;;;;;;;
11;THRILLER;Rear Window;1954;RearWindow.jpg;A wheelchair-bound photographer spies on his neighbors from his Greenwich Village courtyard apartment window, and becomes convinced one of them has committed murder, despite the skepticism of his fashion-model girlfriend.;https://www.youtube.com/watch?v=m01YktiEZCw;;;;;;;
12;THRILLER;Joker (I);2019;JokerI.jpg;A mentally troubled stand-up comedian embarks on a downward spiral that leads to the creation of an iconic villain.;https://www.youtube.com/watch?v=zAGVQLHvwOY;;;;;;;
13;THRILLER;Raatchasan;2018;Raatchasan.jpg;A sub-inspector sets out in pursuit of a mysterious serial killer who targets teen school girls and murders them brutally.;https://www.youtube.com/watch?v=GsrN7rNch9Y;;;;;;;
14;THRILLER;The Lives of Others;2006;TheLivesOfOthers.jpg;In 1984 East Berlin, an agent of the secret police, conducting surveillance on a writer and his lover, finds himself becoming increasingly absorbed by their lives.;https://www.youtube.com/watch?v=YsShZNHmpGE;;;;;;;
15;THRILLER;Oldboy;2003;Oldboy.jpg;After being kidnapped and imprisoned for fifteen years, Oh Dae-Su is released, only to find that he must find his captor in five days.;https://www.youtube.com/watch?v=-W8cPij0HgA;;;;;;;
16;THRILLER;Come and See;1985;ComeAndSee.jpg;After finding an old rifle, a young boy joins the Soviet resistance movement against ruthless German forces and experiences the horrors of World War II.;https://www.youtube.com/watch?v=uZEjuC11JJA;;;;;;;
17;THRILLER;Aliens;1986;Aliens.jpg;Fifty-seven years after surviving an apocalyptic attack aboard her space vessel by merciless space creatures, Officer Ripley awakens from hyper-sleep and tries to warn anyone who will listen about the predators.;https://www.youtube.com/watch?v=oSeQQlaCZgU;;;;;;;
18;THRILLER;High and Low;1963;HighAndLow.jpg;An executive of a Yokohama shoe company becomes a victim of extortion when his chauffeur's son is kidnapped by mistake and held for ransom.;https://www.youtube.com/watch?v=LV3z2Ytxu90;;;;;;;
19;THRILLER;Witness for the Prosecution;1957;WitnessForTheProsecution.jpg;A veteran British barrister must defend his client in a murder trial that has surprise after surprise.;https://www.youtube.com/watch?v=GMlJfiA2u7Y;;;;;;;
20;THRILLER;Shutter Island;2010;ShutterIsland.jpg;In 1954, a U.S. Marshal investigates the disappearance of a murderer who escaped from a hospital for the criminally insane.;https://www.youtube.com/watch?v=5iaYLCiq5RM;;;;;;;
21;THRILLER;V for Vendetta;2005;VForVendetta.jpg;"In a future British dystopian society, a shadowy freedom fighter, known only by the alias of ""V"", plots to overthrow the tyrannical government - with the help of a young woman.";https://www.youtube.com/watch?v=lSA7mAHolAw;;;;;;;
2;DRAMA;The Shawshank Redemption;1994;TheShawshankRedemption.jpg;Two imprisoned men bond over a number of years, finding solace and eventual redemption through acts of common decency.;https://www.youtube.com/watch?v=NmzuHjWmXOc;;;;;;;
3;DRAMA;Fight Club;1999;FightClub.jpg;An insomniac office worker and a devil-may-care soap maker form an underground fight club that evolves into much more.;https://www.youtube.com/watch?v=qtRKdVHc-cE;;;;;;;
4;DRAMA;The Godfather;1972;TheGodfather.jpg;The aging patriarch of an organized crime dynasty in postwar New York City transfers control of his clandestine empire to his reluctant youngest son.;https://www.youtube.com/watch?v=fB_8VCwXydM;;;;;;;
5;DRAMA;The Dark Knight Rises;2012;TheDarkKnightRises.jpg;Eight years after the Joker's reign of anarchy, Batman, with the help of the enigmatic Catwoman, is forced from his exile to save Gotham City from the brutal guerrilla terrorist Bane.;https://www.youtube.com/watch?v=g8evyE9TuYk;;;;;;;
6;DRAMA;Django Unchained;2012;DjangoUnchained.jpg;With the help of a German bounty-hunter, a freed slave sets out to rescue his wife from a brutal plantation-owner in Mississippi.;https://www.youtube.com/watch?v=_iH0UBYDI4g;;;;;;;
7;DRAMA;Batman Begins;2005;BatmanBegins.jpg;After training with his mentor, Batman begins his fight to free crime-ridden Gotham City from corruption.;https://www.youtube.com/watch?v=neY2xVmOfUM;;;;;;;
8;DRAMA;Inglourious Basterds;2009;InglouriousBasterds.jpg;In Nazi-occupied France during World War II, a plan to assassinate Nazi leaders by a group of Jewish U.S. soldiers coincides with a theatre owner's vengeful plans for the same.;https://www.youtube.com/watch?v=KnrRy6kSFF0;;;;;;;
9;DRAMA;Saving Private Ryan;1998;SavingPrivateRyan.jpg;Following the Normandy Landings, a group of U.S. soldiers go behind enemy lines to retrieve a paratrooper whose brothers have been killed in action.;https://www.youtube.com/watch?v=S1Qj_AVu2pA;;;;;;;
10;DRAMA;The Wolf of Wall Street;2013;TheWolfOfWallStreet.jpg;Based on the true story of Jordan Belfort, from his rise to a wealthy stock-broker living the high life to his fall involving crime, corruption and the federal government.;https://www.youtube.com/watch?v=iszwuX1AK6A;;;;;;;
11;DRAMA;The Green Mile;1999;TheGreenMile.jpg;The lives of guards on Death Row are affected by one of their charges: a black man accused of child murder and rape, yet who has a mysterious gift.;https://www.youtube.com/watch?v=Ki4haFrqSrw;;;;;;;
12;DRAMA;The Godfather: Part II;1974;TheGodfatherPartII.jpg;The early life and career of Vito Corleone in 1920s New York City is portrayed, while his son, Michael, expands and tightens his grip on the family crime syndicate.;https://www.youtube.com/watch?v=8PyZCU2vpi8;;;;;;;
13;DRAMA;American Beauty;1999;AmericanBeauty.jpg;A sexually frustrated suburban father has a mid-life crisis after becoming infatuated with his daughter's best friend.;https://www.youtube.com/watch?v=Ly7rq5EsTC8;;;;;;;
14;DRAMA;Goodfellas;1990;Goodfellas.jpg;The story of Henry Hill and his life in the mob, covering his relationship with his wife Karen Hill and his mob partners Jimmy Conway and Tommy DeVito in the Italian-American crime syndicate.;https://www.youtube.com/watch?v=2ilzidi_J8Q;;;;;;;
15;DRAMA;American History X;1998;AmericanHistoryX.jpg;A former neo-nazi skinhead tries to prevent his younger brother from going down the same wrong path that he did.;https://www.youtube.com/watch?v=XfQYHqsiN5g;;;;;;;
16;DRAMA;Kill Bill: Vol. 1;2003;KillBillVol1.jpg;After awakening from a four-year coma, a former assassin wreaks vengeance on the team of assassins who betrayed her.;https://www.youtube.com/watch?v=7kSuas6mRpk;;;;;;;
17;DRAMA;The Truman Show;1998;TheTrumanShow.jpg;An insurance salesman discovers his whole life is actually a reality TV show.;https://www.youtube.com/watch?v=dlnmQbPGuls;;;;;;;
18;DRAMA;The Lion King;1994;TheLionKing.jpg;Lion prince Simba and his father are targeted by his bitter uncle, who wants to ascend the throne himself.;https://www.youtube.com/watch?v=lFzVJEksoDY;;;;;;;
19;DRAMA;Braveheart;1995;Braveheart.jpg;Scottish warrior William Wallace leads his countrymen in a rebellion to free his homeland from the tyranny of King Edward I of England.;https://www.youtube.com/watch?v=1NJO0jxBtMo;;;;;;;
20;DRAMA;Reservoir Dogs;1992;ReservoirDogs.jpg;When a simple jewelry heist goes horribly wrong, the surviving criminals begin to suspect that one of them is a police informant.;https://www.youtube.com/watch?v=vayksn4Y93A;;;;;;;
21;DRAMA;The Shining;1980;TheShining.jpg;A family heads to an isolated hotel for the winter where a sinister presence influences the father into violence, while his psychic son sees horrific forebodings from both past and future.;https://www.youtube.com/watch?v=i-B_bbkEfS0;;;;;;;
2;ANIMATION;Finding Nemo;2003;FindingNemo.jpg;After his son is captured in the Great Barrier Reef and taken to Sydney, a timid clownfish sets out on a journey to bring him home.;https://www.youtube.com/watch?v=9oQ628Seb9w;;;;;;;
3;ANIMATION;Up;2009;Up.jpg;78-year-old Carl Fredricksen travels to Paradise Falls in his house equipped with balloons, inadvertently taking a young stowaway.;https://www.youtube.com/watch?v=ORFWdXl_zJ4;;;;;;;
4;ANIMATION;Toy Story;1995;ToyStory.jpg;A cowboy doll is profoundly threatened and jealous when a new spaceman figure supplants him as top toy in a boy's room.;https://www.youtube.com/watch?v=rNk1Wi8SvNc;;;;;;;
5;ANIMATION;Monsters, Inc.;2001;MonstersInc.jpg;In order to power the city, monsters have to scare children so that they scream. However, the children are toxic to the monsters, and after a child gets through, two monsters realize things may not be what they think.;https://www.youtube.com/watch?v=CGbgaHoapFM;;;;;;;
6;ANIMATION;Toy Story 3;2010;ToyStory3.jpg;The toys are mistakenly delivered to a day-care center instead of the attic right before Andy leaves for college, and it's up to Woody to convince the other toys that they weren't abandoned and to return home.;https://www.youtube.com/watch?v=JcpWXaA2qeg;;;;;;;
7;ANIMATION;Spirited Away;2001;SpiritedAway.jpg;During her family's move to the suburbs, a sullen 10-year-old girl wanders into a world ruled by gods, witches, and spirits, and where humans are changed into beasts.;https://www.youtube.com/watch?v=ByXuk9QqQkk;;;;;;;
8;ANIMATION;How to Train Your Dragon;2010;HowToTrainYourDragon.jpg;A hapless young Viking who aspires to hunt dragons becomes the unlikely friend of a young dragon himself, and learns there may be more to the creatures than he assumed.;https://www.youtube.com/watch?v=oKiYuIsPxYk;;;;;;;
9;ANIMATION;The Incredibles;2004;TheIncredibles.jpg;A family of undercover superheroes, while trying to live the quiet suburban life, are forced into action to save the world.;https://www.youtube.com/watch?v=-UaGUdNJdRQ;;;;;;;
10;ANIMATION;Ratatouille;2007;Ratatouille.jpg;A rat who can cook makes an unusual alliance with a young kitchen worker at a famous Paris restaurant.;https://www.youtube.com/watch?v=NgsQ8mVkN8w;;;;;;;
11;ANIMATION;Inside Out (I);2015;InsideOutI.jpg;After young Riley is uprooted from her Midwest life and moved to San Francisco, her emotions - Joy, Fear, Anger, Disgust and Sadness - conflict on how best to navigate a new city, house, and school.;https://www.youtube.com/watch?v=yRUAzGQ3nSY;;;;;;;
12;ANIMATION;Frozen (I);2013;Frozen.jpg;When the newly crowned Queen Elsa accidentally uses her power to turn things into ice to curse her home in infinite winter, her sister Anna teams up with a mountain man, his playful reindeer, and a snowman to change the weather condition.;https://www.youtube.com/watch?v=TbQm5doF_Uc;;;;;;;
13;ANIMATION;Toy Story 2;1999;ToyStory2.jpg;When Woody is stolen by a toy collector, Buzz and his friends set out on a rescue mission to save Woody before he becomes a museum toy property with his roundup gang Jessie, Prospector, and Bullseye.;https://www.youtube.com/watch?v=xNWSGRD5CzU;;;;;;;
14;ANIMATION;Despicable Me;2010;DespicableMe.jpg;When a criminal mastermind uses a trio of orphan girls as pawns for a grand scheme, he finds their love is profoundly changing him for the better.;https://www.youtube.com/watch?v=zzCZ1W_CUoI;;;;;;;
15;ANIMATION;Zootopia;2016;Zootopia.jpg;In a city of anthropomorphic animals, a rookie bunny cop and a cynical con artist fox must work together to uncover a conspiracy.;https://www.youtube.com/watch?v=jWM0ct-OLsM;;;;;;;
16;ANIMATION;Kung Fu Panda;2008;KungFuPanda.jpg;To everyone's surprise, including his own, Po, an overweight, clumsy panda, is chosen as protector of the Valley of Peace. His suitability will soon be tested as the valley's arch-enemy is on his way.;https://www.youtube.com/watch?v=PXi3Mv6KMzY;;;;;;;
17;ANIMATION;Shrek 2;2004;Shrek2.jpg;Shrek and Fiona travel to the Kingdom of Far Far Away, where Fiona's parents are King and Queen, to celebrate their marriage. When they arrive, they find they are not as welcome as they thought they would be.;https://www.youtube.com/watch?v=V6X5ti4YlG8;;;;;;;
18;ANIMATION;Big Hero 6;2014;BigHero6.jpg;A special bond develops between plus-sized inflatable robot Baymax and prodigy Hiro Hamada, who together team up with a group of friends to form a band of high-tech heroes.;https://www.youtube.com/watch?v=z3biFxZIJOQ;;;;;;;
19;ANIMATION;Beauty and the Beast;1991;BeautyAndTheBeast.jpg;A prince cursed to spend his days as a hideous monster sets out to regain his humanity by earning a young woman's love.;https://www.youtube.com/watch?v=tRlzmyveDHE;;;;;;;
20;ANIMATION;Cars;2006;Cars.jpg;A hot-shot race-car named Lightning McQueen gets waylaid in Radiator Springs, where he finds the true meaning of friendship and family.;https://www.youtube.com/watch?v=SbXIj2T-_uk;;;;;;;
21;ANIMATION;Brave;2012;Brave.jpg;Determined to make her own path in life, Princess Merida defies a custom that brings chaos to her kingdom. Granted one wish, Merida must rely on her bravery and her archery skills to undo a beastly curse.;https://www.youtube.com/watch?v=5fPmKfcaaWk;;;;;;;
2;ADVENTURE;O Senhor dos Anéis - O Regresso do Rei;2003;SenhorDosAneis_2003.jpg;Gandalf and Aragorn lead the World of Men against Sauron's army to draw his gaze from Frodo and Sam as they approach Mount Doom with the One Ring.;https://www.youtube.com/watch?v=r5X-hFf6Bwo;;;;;;;
3;ADVENTURE;Homem-Aranha: No Universo Aranha;2018;SpiderMan_2018.jpg;Teen Miles Morales becomes the Spider-Man of his universe, and must join with five spider-powered individuals from other dimensions to stop a threat for all realities.;https://www.youtube.com/watch?v=8hP9D6kZseM;;;;;;;
4;ADVENTURE;O Senhor dos Anéis - As Duas Torres;2002;SenhorDosAneis_2002.jpg;While Frodo and Sam edge closer to Mordor with the help of the shifty Gollum, the divided fellowship makes a stand against Sauron's new ally, Saruman, and his hordes of Isengard.;https://www.youtube.com/watch?v=LbfMDwc4azU;;;;;;;
5;ADVENTURE;O Senhor dos Anéis - A Irmandade do Anel;2001;SenhorDosAneis_2001.jpg;A meek Hobbit from the Shire and eight companions set out on a journey to destroy the powerful One Ring and save Middle-earth from the Dark Lord Sauron.;https://www.youtube.com/watch?v=V75dMMIW2B4;;;;;;;
6;ADVENTURE;O Bom, o Mau e o Vilão;1966;OBomOMauOVilao_1966.jpg;A bounty hunting scam joins two men in an uneasy alliance against a third in a race to find a fortune in gold buried in a remote cemetery.;https://www.youtube.com/watch?v=WCN5JJY_wiA;;;;;;;
7;ADVENTURE;Vingadores: Endgame;2019;Avengers_2019.jpg;After the devastating events of Vingadores: Guerra do Infinito (2018), the universe is in ruins. With the help of remaining allies, the Avengers assemble once more in order to reverse Thanos' actions and restore balance to the universe.;https://www.youtube.com/watch?v=TcMBFSGVi1c;;;;;;;
8;ADVENTURE;Liga da Justiça, de Zack Snyder;2021;JusticeLeague_2021.jpg;Determined to ensure Superman's ultimate sacrifice was not in vain, Bruce Wayne aligns forces with Diana Prince with plans to recruit a team of metahumans to protect the world from an approaching threat of catastrophic proportions.;https://www.youtube.com/watch?v=vM-Bja2Gy04;;;;;;;
9;ADVENTURE;A Viagem de Chihiro;2001;SpiritedAway_2001.jpg;During her family's move to the suburbs, a sullen 10-year-old girl wanders into a world ruled by gods, witches, and spirits, and where humans are changed into beasts.;https://www.youtube.com/watch?v=ByXuk9QqQkk;;;;;;;
10;ADVENTURE;Homem-Aranha: Sem Volta a Casa;2021;SpiderMan_2021.jpg;With Spider-Man's identity now revealed, Peter asks Doctor Strange for help. When a spell goes wrong, dangerous foes from other worlds start to appear, forcing Peter to discover what it truly means to be Spider-Man.;https://www.youtube.com/watch?v=JfVOs4VSpmA;;;;;;;
11;ADVENTURE;Vingadores: Guerra do Infinito;2018;Avengers_2018.jpg;The Avengers and their allies must be willing to sacrifice all in an attempt to defeat the powerful Thanos before his blitz of devastation and ruin puts an end to the universe.;https://www.youtube.com/watch?v=6ZfuNTqbHE8;;;;;;;
12;ADVENTURE;Gladiador;2000;Gladiator_2000.jpg;A former Roman General sets out to exact vengeance against the corrupt emperor who murdered his family and sent him into slavery.;https://www.youtube.com/watch?v=owK1qxDselE;;;;;;;
13;ADVENTURE;O Rei Leão ;1994;LionKing_1994.jpg;Lion prince Simba and his father are targeted by his bitter uncle, who wants to ascend the throne himself.;https://www.youtube.com/watch?v=lFzVJEksoDY;;;;;;;
14;ADVENTURE;WALL·E;2008;WallE_2008.jpg;In the distant future, a small waste-collecting robot inadvertently embarks on a space journey that will ultimately decide the fate of mankind.;https://www.youtube.com/watch?v=9pyBKj5-jVk;;;;;;;
15;ADVENTURE;A Princesa Mononoke;1997;PrincessMononoke_1997.jpg;On a journey to find the cure for a Tatarigami's curse, Ashitaka finds himself in the middle of a war between the forest gods and Tatara, a mining colony. In this quest he also meets San, the Mononoke Hime.;https://www.youtube.com/watch?v=4OiMOHRDs14;;;;;;;
16;ADVENTURE;Os Salteadores da Arca Perdida;1981;IndianaJones_1981.jpg;In 1936, archaeologist and adventurer Indiana Jones is hired by the U.S. government to find the Ark of the Covenant before Adolf Hitler's Nazis can obtain its awesome powers.;https://www.youtube.com/watch?v=XkkzKHCx154;;;;;;;
17;ADVENTURE;Up - Altamente;2009;UP_2009.jpeg;78-year-old Carl Fredricksen travels to Paradise Falls in his house equipped with balloons, inadvertently taking a young stowaway.;https://www.youtube.com/watch?v=ORFWdXl_zJ4;;;;;;;
18;ADVENTURE;Sacanas Sem Lei;2009;InglouriousBasterds_2009.jpg;In Nazi-occupied France during World War II, a plan to assassinate Nazi leaders by a group of Jewish U.S. soldiers coincides with a theatre owner's vengeful plans for the same.;https://www.youtube.com/watch?v=KnrRy6kSFF0;;;;;;;
19;ADVENTURE;Lawrence da Arábia;1962;LawrenceArabia_1962.jpg;The story of T.E. Lawrence, the English officer who successfully united and led the diverse, often warring, Arab tribes during World War I in order to fight the Turks.;https://www.youtube.com/watch?v=vOlRhGEhG7k;;;;;;;
20;ADVENTURE;Queen;2013;Queen_2013.jpg;A Delhi girl from a traditional family sets out on a solo honeymoon after her marriage gets cancelled.;https://www.youtube.com/watch?v=KGC6vl3lzf0;;;;;;;
21;ADVENTURE;Murali Relâmpago;2021;MinnalMurali_2021.jpg;An unusual event creates a lightning which in turns gives superhuman abilies to an ambitious tailor ,whose responsibility is now to protect his home village from the evil plans of the antagonist.;https://www.youtube.com/watch?v=zAUAliz1TKA;;;;;;;
2;FAMILY;Do Céu Caiu Uma Estrela;1946;ItsAWonderfulLife_1946.jpg;An angel is sent from Heaven to help a desperately frustrated businessman by showing him what life would have been like if he had never existed.;https://www.youtube.com/watch?v=iLR3gZrU2Xo;;;;;;;
3;FAMILY;As Bruxas de Roald Dahl;2020;TheWitches_2020.jpg;A young boy and his grandmother have a run-in with a coven of witches and their leader.;https://www.youtube.com/watch?v=9nlhmJF5FNI;;;;;;;
4;FAMILY;Taare Zameen Par ;2007;TaareZameenPar_2007.jpg;An eight-year-old boy is thought to be a lazy trouble-maker, until the new art teacher has the patience and compassion to discover the real problem behind his struggles in school.;https://www.youtube.com/watch?v=F-PAI2HnQUo;;;;;;;
5;FAMILY;Divertida-Mente;2015;InsideOut_2015.jpg;After young Riley is uprooted from her Midwest life and moved to San Francisco, her emotions - Joy, Fear, Anger, Disgust and Sadness - conflict on how best to navigate a new city, house, and school.;https://www.youtube.com/watch?v=yRUAzGQ3nSY;;;;;;;
6;FAMILY;Hachiko - Amigo para Sempre;2009;HachiADogsTale_2009.jpg;A college professor bonds with an abandoned dog he takes into his home.;https://www.youtube.com/watch?v=UFY8vW5IedY;;;;;;;
7;FAMILY;Mary and Max. ;2009;MaryMax_2009.jpg;A tale of friendship between two unlikely pen pals: Mary, a lonely, eight-year-old girl living in the suburbs of Melbourne, and Max, a forty-four-year old, severely obese man living in New York.;https://www.youtube.com/watch?v=p1W_mpSydYI;;;;;;;
8;FAMILY;Chak De! India;2007;ChakDe!India_2007.jpg;Kabir Khan, the coach of the Indian Women's National Hockey Team, dreams of making his all-girls team emerge victorious against all odds.;https://www.youtube.com/watch?v=6a0-dSMWm5gg;;;;;;;
9;FAMILY;O Feiticeiro de Oz;1939;TheWizardofOz_1939.jpg;Young Dorothy Gale and her dog are swept away by a tornado from their Kansas farm to the magical Land of Oz, and embark on a quest with three new friends to see the Wizard, who can return her to her home and fulfill the others' wishes.;https://www.youtube.com/watch?v=H_3T4DGw10U;;;;;;;
10;FAMILY;Togo;2019;Togo_2019.jpg;he story of Togo, the sled dog who led the 1925 serum run despite being considered too small and weak to lead such an intense race.;https://www.youtube.com/watch?v=-d1L1jHCSpo;;;;;;;
11;FAMILY;Wonder - Encantador;2017;Wonder_2017.jpg;Based on the New York Times bestseller, this movie tells the incredibly inspiring and heartwarming story of August Pullman, a boy with facial differences who enters the fifth grade, attending a mainstream elementary school for the first time.;https://www.youtube.com/watch?v=Ob7fPOzbmzE;;;;;;;
12;FAMILY;Uma História de Natal;1983;ChristmasStory_1983.jpg;In the 1940s, a young boy named Ralphie attempts to convince his parents, his teacher and Santa that a Red Ryder BB gun really is the perfect Christmas gift.;https://www.youtube.com/watch?v=cfjEZ88NHBw;;;;;;;
13;FAMILY;E.T. - O Extra-Terrestre;1982;ET_1982.jpg;A troubled child summons the courage to help a friendly alien escape Earth and return to his home world.;https://www.youtube.com/watch?v=DSx8Jobx-Gs;;;;;;;
14;FAMILY;Os Dez Mandamentos;1956;TheTenCommandments_1956.jpg;Moses, raised as a prince of Egypt in the Pharaoh's household, learns of his true heritage as a Hebrew and his divine mission as the deliverer of his people from slavery.;https://www.youtube.com/watch?v=KBzbyIPWVT4;;;;;;;
15;FAMILY;English Vinglish;2012;EnglishVinglish_2012.jpg;A quiet, sweet tempered housewife endures small slights from her well-educated husband and daughter every day because of her inability to speak and understand English.;https://www.youtube.com/watch?v=wmGVY4T88dc;;;;;;;
16;FAMILY;Céu de Outubro;1999;October_Sky_1999.jpg;The true story of Homer Hickam, a coal miner's son who was inspired by the first Sputnik launch to take up rocketry against his father's wishes.;https://www.youtube.com/watch?v=zxJQgYPXjN4;;;;;;;
17;FAMILY;Mary Poppins;1964;MaryPoppins_1964.jpg;In turn of the century London, a magical nanny employs music and adventure to help two neglected children become closer to their father.;https://www.youtube.com/watch?v=YfkEQDPlb8g;;;;;;;
18;FAMILY;À Procura da Terra do Nunca;2004;FindingNeverland_2004.jpg;The story of Sir J.M. Barrie's friendship with a family who inspired him to create Peter Pan.;https://www.youtube.com/watch?v=M5_AOB9eCDM;;;;;;;
19;FAMILY;Sozinho em Casa;1990;HomeAlone_1990.jpg;An eight-year-old troublemaker must protect his house from a pair of burglars when he is accidentally left home alone by his family during Christmas vacation.;https://www.youtube.com/watch?v=jEDaVHmw7r4;;;;;;;
20;FAMILY;Stardust - O Mistério da Estrela Cadente;2007;Stardust_2007.jpg;In a countryside town bordering on a magical land, a young man makes a promise to his beloved that he'll retrieve a fallen star by venturing into the magical realm.;https://www.youtube.com/watch?v=-wwv427DAvA;;;;;;;
21;FAMILY;Cinderela;2021;Cinderela_2021.jpg;A modern movie musical with a bold take on the classic fairy tale. Our ambitious heroine has big dreams and with the help of her fab Godmother, she perseveres to make them come true.;https://www.youtube.com/watch?v=T1NeHRuPpoM&t=111s;;;;;;;
2;FANTASY;Harry Potter e o Prisioneiro de Azkaban;2004; HarryPotterPrisonerAzkaban_2004.jpg;Harry Potter, Ron and Hermione return to Hogwarts School of Witchcraft and Wizardry for their third year of study, where they delve into the mystery surrounding an escaped prisoner who poses a dangerous threat to the young wizard.;https://www.youtube.com/watch?v=1ZdlAg3j8nI;;;;;;;
3;FANTASY;Monstros Fantásticos: Os Segredos de Dumbledore;2022;FantasticBeasts_2022.jpg;Albus Dumbledore assigns Newt and his allies with a mission related to the rising power of Grindelwald.;https://www.youtube.com/watch?v=Y9dr2zw-TXQ;;;;;;;
4;FANTASY;À Espera de Um Milagre;1999;TheGreenMile_1999.jpg;The lives of guards on Death Row are affected by one of their charges: a black man accused of child murder and rape, yet who has a mysterious gift.;https://www.youtube.com/watch?v=Ki4haFrqSrw;;;;;;;
5;FANTASY;O Labirinto do Fauno;2006;PansLabyrinth_2006.jpg;In the Falangist Spain of 1944, the bookish young stepdaughter of a sadistic army officer escapes into an eerie but captivating fantasy world.;https://www.youtube.com/watch?v=AcHasH-nLhU;;;;;;;
6;FANTASY;OMG: Oh My God! ;2012;OMG_2012.jpg;A shopkeeper takes God to court when his shop is destroyed by an earthquake.;https://www.youtube.com/watch?v=8nUwpoTrWFk;;;;;;;
7;FANTASY;Piratas das Caraíbas - A Maldição do Pérola Negra;2003;CaribbeanPirates_2003.jpg;"Blacksmith Will Turner teams up with eccentric pirate ""Captain"" Jack Sparrow to save his love, the governor's daughter, from Jack's former pirate allies, who are now undead.";https://www.youtube.com/watch?v=naQr0uTrH_s;;;;;;;
8;FANTASY;Thor: Ragnarok;2017;Thor_2017.jpg;Imprisoned on the planet Sakaar, Thor must race against time to return to Asgard and stop Ragnarök, the destruction of his world, at the hands of the powerful and ruthless villain Hela.;https://www.youtube.com/watch?v=v7MGUNV8MxU;;;;;;;
9;FANTASY;O Homem da Terra;2007;TheManFromEarth_2007.jpg;An impromptu goodbye party for Professor John Oldman becomes a mysterious interrogation after the retiring scholar reveals to his colleagues he has a longer and stranger past than they can imagine.;https://www.youtube.com/watch?v=ASBKSUQ8wRw;;;;;;;
10;FANTASY;A Vida de Pi;2012;LifeOfPi_2012.jpg;A young man who survives a disaster at sea is hurtled into an epic journey of adventure and discovery. While cast away, he forms an unexpected connection with another survivor: a fearsome Bengal tiger.;https://www.youtube.com/watch?v=3mMN693-F3U;;;;;;;
11;FANTASY;Eduardo Mãos de Tesoura;1990;EdwardScissorhands_1990.jpg;An artificial man, who was incompletely constructed and has scissors for hands, leads a solitary life. Then one day, a suburban lady meets him and introduces him to her world.;https://www.youtube.com/watch?v=TBHIO60whNw;;;;;;;
12;FANTASY;Dá Tempo ao Tempo;2013;AboutTime_2013.jpg;At the age of 21, Tim discovers he can travel in time and change what happens and has happened in his own life. His decision to make his world a better place by getting a girlfriend turns out not to be as easy as you might think.;https://www.youtube.com/watch?v=T7A810duHvw;;;;;;;
13;FANTASY;O Hobbit: A Desolação de Smaug;2013;Hobbit_2013.jpg;The dwarves, along with Bilbo Baggins and Gandalf the Grey, continue their quest to reclaim Erebor, their homeland, from Smaug. Bilbo Baggins is in possession of a mysterious and magical ring.;https://www.youtube.com/watch?v=OPVWy1tFXuc;;;;;;;
14;FANTASY;O Hobbit: Uma Viagem Inesperada;2012;Hobbit_2012.jpg;A reluctant Hobbit, Bilbo Baggins, sets out to the Lonely Mountain with a spirited group of dwarves to reclaim their mountain home, and the gold within it from the dragon Smaug.;https://www.youtube.com/watch?v=9PSXjr1gbjc;;;;;;;
15;FANTASY;Avatar;2009;Avatar_2009.jpg;A paraplegic Marine dispatched to the moon Pandora on a unique mission becomes torn between following his orders and protecting the world he feels is his home.;https://www.youtube.com/watch?v=5PSNL1qE6VY;;;;;;;
16;FANTASY;O Estranho Caso de Benjamin Button;2008;TheCuriousCaseBenjaminButton_2008.jpg;Tells the story of Benjamin Button, a man who starts aging backwards with consequences.;https://www.youtube.com/watch?v=iH6FdW39Hag;;;;;;;
17;FANTASY;Harry Potter e os Talismãs da Morte: Parte 1;2010;HarryPotter_2010.jpg;As Harry, Ron, and Hermione race against time and evil to destroy the Horcruxes, they uncover the existence of the three most powerful objects in the wizarding world: the Deathly Hallows.;https://www.youtube.com/watch?v=MxqsmsA8y5k;;;;;;;
18;FANTASY;Harry Potter e o Cálice de Fogo;2005;HarryPotter_2005.jpg;Harry Potter finds himself competing in a hazardous tournament between rival schools of magic, but he is distracted by recurring nightmares.;https://www.youtube.com/watch?v=3EGojp4Hh6I;;;;;;;
19;FANTASY;Harry Potter e o Príncipe Misterioso;2009;HarryPotter_2009.jpg;"As Harry Potter begins his sixth year at Hogwarts, he discovers an old book marked as ""the property of the Half-Blood Prince"" and begins to learn more about Lord Voldemort's dark past.";https://www.youtube.com/watch?v=sg81Lts5kYY;;;;;;;
20;FANTASY;Harry Potter e a Pedra Filosofal;2001;HarryPotter_2001.jpg;An orphaned boy enrolls in a school of wizardry, where he learns the truth about himself, his family and the terrible evil that haunts the magical world.;https://www.youtube.com/watch?v=VyHV0BRtdxo;;;;;;;
21;FANTASY;Harry Potter e a Ordem da Fénix;2007;HarryPotter_2007.jpg;With their warning about Lord Voldemort's return scoffed at, Harry and Dumbledore are targeted by the Wizard authorities as an authoritarian bureaucrat slowly seizes power at Hogwarts.;https://www.youtube.com/watch?v=y6ZW7KXaXYk;;;;;;;
2;SUPERHERO;O Cavaleiro das Trevas;2008;DarkKnight_2008.jpg;When the menace known as the Joker wreaks havoc and chaos on the people of Gotham, Batman must accept one of the greatest psychological and physical tests of his ability to fight injustice.;https://www.youtube.com/watch?v=EXeTwQWrcwY;;;;;;;
3;SUPERHERO;O Cavaleiro das Trevas Renasce;2012;DarkKnight_2012.jpg;Eight years after the Joker's reign of anarchy, Batman, with the help of the enigmatic Catwoman, is forced from his exile to save Gotham City from the brutal guerrilla terrorist Bane.;https://www.youtube.com/watch?v=GokKUqLcvD8;;;;;;;
4;SUPERHERO;Homem-Aranha: Regresso a Casa;2017;Spiderman_2017.jpg;Peter Parker balances his life as an ordinary high school student in Queens with his superhero alter-ego Spider-Man, and finds himself on the trail of a new menace prowling the skies of New York City.;https://www.youtube.com/watch?v=n9DwoQ7HWvI;;;;;;;
5;SUPERHERO;Batman - O Início;2005;Batman_2005.jpg;After training with his mentor, Batman begins his fight to free crime-ridden Gotham City from corruption.;https://www.youtube.com/watch?v=neY2xVmOfUM;;;;;;;
6;SUPERHERO;Mulher-Maravilha;2017;WonderWoman_2017.jpg;When a pilot crashes and tells of conflict in the outside world, Diana, an Amazonian warrior in training, leaves home to fight a war, discovering her full powers and true destiny.;https://www.youtube.com/watch?v=piIUpbIlp8U;;;;;;;
7;SUPERHERO;Guardiões da Galáxia;2014;GalaxyGuardians_2014.jpg;A group of intergalactic criminals must pull together to stop a fanatical warrior with plans to purge the universe.;https://www.youtube.com/watch?v=d96cjJhvlMA;;;;;;;
8;SUPERHERO;X-Men: Dias de Um Futuro Esquecido;2014;XMen_2014.jpg;The X-Men send Wolverine to the past in a desperate effort to change history and prevent an event that results in doom for both humans and mutants.;https://www.youtube.com/watch?v=pK2zYHWDZKo;;;;;;;
9;SUPERHERO;Deadpool;2016;Deadpool_2016.jpg;A wisecracking mercenary gets experimented on and becomes immortal but ugly, and sets out to track down the man who ruined his looks.;https://www.youtube.com/watch?v=Q9X-bAE8KTc;;;;;;;
10;SUPERHERO;Os Vingadores;2012;Avengers_2012.jpg;Earth's mightiest heroes must come together and learn to fight as a team if they are going to stop the mischievous Loki and his alien army from enslaving humanity.;https://www.youtube.com/watch?v=eOrNdBpGMv8;;;;;;;
11;SUPERHERO;The Incredibles - Os Super Heróis;2014;TheIncredibles_2014.jpg;A family of undercover superheroes, while trying to live the quiet suburban life, are forced into action to save the world.;https://www.youtube.com/watch?v=-UaGUdNJdRQ;;;;;;;
12;SUPERHERO;Homem de Ferro;2008;IronMan_2008.jpg;After being held captive in an Afghan cave, billionaire engineer Tony Stark creates a unique weaponized suit of armor to fight evil.;https://www.youtube.com/watch?v=8ugaeA-nMTc;;;;;;;
13;SUPERHERO;O Primeiro Vingador: A Guerra dos Heróis;2016;CaptainAmerica_2016.jpg;Political involvement in the Avengers' affairs causes a rift between Captain America and Iron Man.;https://www.youtube.com/watch?v=FkTybqcX-Yo;;;;;;;
14;SUPERHERO;O Primeiro Vingador 2: Segunda Guerra;2014;CaptainAmerica_2014.jpg;As Steve Rogers struggles to embrace his role in the modern world, he teams up with a fellow Avenger and S.H.I.E.L.D agent, Black Widow, to battle a new threat from history: an assassin known as the Winter Soldier.;https://www.youtube.com/watch?v=7SlILk2WMTI;;;;;;;
15;SUPERHERO;Deadpool 2;2018;Deadpool_2018.jpg;Foul-mouthed mutant mercenary Wade Wilson (a.k.a. Deadpool) assembles a team of fellow mutant rogues to protect a young boy with supernatural abilities from the brutal, time-traveling cyborg Cable.;https://www.youtube.com/watch?v=D86RtevtfrA;;;;;;;
16;SUPERHERO;Batman v Superman: Dawn of Justice Ultimate Edition;2016;BatmanSuperMan_2016.jpg;Batman is manipulated by Lex Luthor to fear Superman. Superman´s existence is meanwhile dividing the world and he is framed for murder during an international crisis. The heroes clash and force the neutral Wonder Woman to reemerge.;https://www.youtube.com/watch?v=8AO19XY2rqc;;;;;;;
17;SUPERHERO;X-Men: O Início;2011;XMen_2011.jpg;In the 1960s, superpowered humans Charles Xavier and Erik Lensherr work together to find others like them, but Erik's vengeful pursuit of an ambitious mutant who ruined his life causes a schism to divide them.;https://www.youtube.com/watch?v=kyQKi5-k0UU;;;;;;;
18;SUPERHERO;Guardiões da Galáxia Vol. 2;2017;GalaxyGuardians_2017.jpg;The Guardians struggle to keep together as a team while dealing with their personal family issues, notably Star-Lord's encounter with his father the ambitious celestial being Ego.;https://www.youtube.com/watch?v=wUn05hdkhjM;;;;;;;
19;SUPERHERO;Superman II: The Richard Donner Cut;2006;Superman_2006.jpg;Superman agrees to sacrifice his powers to start a relationship with Lois Lane, unaware that three Kryptonian criminals he inadvertently released are conquering Earth.;https://www.youtube.com/watch?v=cGwv6qaOfBU;;;;;;;
20;SUPERHERO;Doutor Estranho;2016;DoctorStrange_2016.jpg;While on a journey of physical and spiritual healing, a brilliant neurosurgeon is drawn into the world of the mystic arts.;https://www.youtube.com/watch?v=Lt-U_t2pUHI;;;;;;;
21;SUPERHERO;Homem-Aranha: Longe de Casa;2019;SpiderMan_2019.jpg;Following the events of Vingadores: Endgame (2019), Spider-Man must step up to take on new threats in a world that has changed forever.;https://www.youtube.com/watch?v=Nt9L1jCKGnE;;;;;;;
2;COMEDY-ROMANCE;Emma;2020;Emma_2020.jpg;In 1800s England, a well meaning but selfish young woman meddles in the love lives of her friends.;https://www.youtube.com/watch?v=qsOwj0PR5Sk;;;;;;;
3;COMEDY-ROMANCE;Tempos Modernos;1936;ModernTimes_1936.jpg;The Tramp struggles to live in modern industrial society with the help of a young homeless woman.;https://www.youtube.com/watch?v=NNznUyDmSFc;;;;;;;
4;COMEDY-ROMANCE;Luzes da Cidade;1931;CityLights_1931.jpg;With the aid of a wealthy erratic tippler, a dewy-eyed tramp who has fallen in love with a sightless flower girl accumulates money to be able to help her medically.;https://www.youtube.com/watch?v=7vl7F8S4cpQ;;;;;;;
5;COMEDY-ROMANCE;Chhichhore;2019;Chhichhore_2019.jpg;A tragic incident forces Anirudh, a middle-aged man, to take a trip down memory lane and reminisce his college days along with his friends, who were labelled as losers.;https://www.youtube.com/watch?v=tsxemFX0a7k;;;;;;;
6;COMEDY-ROMANCE;O Apartamento;1960;TheApartment_1960.jpg;A Manhattan insurance clerk tries to rise in his company by letting its executives use his apartment for trysts, but complications and a romance of his own ensue.;https://www.youtube.com/watch?v=OcslkrBMLGc;;;;;;;
7;COMEDY-ROMANCE;A Todos os Rapazes: P.S. Ainda Te Amo;2020;ToAllTheBoys_2020.jpg;Lara Jean and Peter have just taken their relationship from pretend to officially official when another recipient of one of her old love letters enters the picture.;https://www.youtube.com/watch?v=LIU4xb61PHc;;;;;;;
8;COMEDY-ROMANCE;Dil Bechara;2020;DilBechara_2020.jpg;The emotional journey of two hopelessly in love youngsters, a young girl, Kizie, suffering from cancer, and a boy, Manny, whom she meets at a support group.;https://www.youtube.com/watch?v=GODAlxW5Pes;;;;;;;
9;COMEDY-ROMANCE;Barfi!;2012;Barfi_2012.jpg;Three young people learn that love can neither be defined nor contained by society's definition of normal and abnormal.;https://www.youtube.com/watch?v=nQ3FYUgSjC8;;;;;;;
10;COMEDY-ROMANCE;Dil Chahta Hai;2001;DilChahtaHai_2001.jpg;Three inseparable childhood friends are just out of college. Nothing comes between them - until they each fall in love, and their wildly different approaches to relationships creates tension.;https://www.youtube.com/watch?v=OBAcYSSUf6o;;;;;;;
11;COMEDY-ROMANCE;My Sassy Girl;2001;MySassyGirl_2001.jpg;A young man sees a drunk, cute woman standing too close to the tracks at a metro station in Seoul and pulls her back. She ends up getting him into trouble repeatedly after that, starting on the train.;https://www.youtube.com/watch?v=u-MMB2JIN3s;;;;;;;
12;COMEDY-ROMANCE;Coolie No. 1;2020;Coolie1_2020.jpg;After being insulted by a rich businessman named Rosario, pandit Jai Kishen teaches him a lesson by getting his daughter married to Raju - a Coolie posing as a millionaire.;https://www.youtube.com/watch?v=XaZ7jAPdecc;;;;;;;
13;COMEDY-ROMANCE;Crónicas de França do Liberty, Kansas Evening Sun;2021;FrenchDispatch_2021.jpg;"A love letter to journalists set in an outpost of an American newspaper in a fictional twentieth century French city that brings to life a collection of stories published in ""The French Dispatch Magazine"".";https://www.youtube.com/watch?v=TcPk2p0Zaw4;;;;;;;
14;COMEDY-ROMANCE;Licorice Pizza;2021;LicoricePizza_2021.jpg;The story of Alana Kane and Gary Valentine growing up, running around and going through the treacherous navigation of first love in the San Fernando Valley, 1973.;https://www.youtube.com/watch?v=ofnXPwUPENo;;;;;;;
15;COMEDY-ROMANCE;Love Hard;2021;LoveHard_2021.jpg;An LA girl, unlucky in love, falls for an East Coast guy on a dating app and decides to surprise him for the holidays, only to discover that she's been catfished. This lighthearted romantic comedy chronicles her attempt to reel in love.;https://www.youtube.com/watch?v=3boMRfx6cjE;;;;;;;
16;COMEDY-ROMANCE;Jexi;2019;Jexi_2019.jpg;"Phil makes top 10 pop lists at work. His only ""friend"" is cellphone Siri. His new phone includes AI helper Jexi, who improves/controls his social life.";https://www.youtube.com/watch?v=txSOaY-je-o;;;;;;;
17;COMEDY-ROMANCE;Amor com Data Marcada;2020;Holidate_2020.jpg;Fed up with being single on holidays, two strangers agree to be each other's platonic plus-ones all year long, only to catch real feelings along the way.;https://www.youtube.com/watch?v=hxaaAoI57fk;;;;;;;
18;COMEDY-ROMANCE;The Kissing Booth 2;2020;TheKissingBooth2_2020.jpg;In the sequel to 2018's THE KISSING BOOTH, high school senior Elle juggles a long-distance relationship with her dreamy boyfriend Noah, college applications, and a new friendship with a handsome classmate that could change everything.;https://www.youtube.com/watch?v=fjVonI2oVeM;;;;;;;
19;COMEDY-ROMANCE;Se Tu Soubesses...;2020;TheHalfOfIt_2020.jpg;When smart but cash-strapped teen Ellie Chu agrees to write a love letter for a jock, she doesn't expect to become his friend - or fall for his crush.;https://www.youtube.com/watch?v=B-yhF7IScUE;;;;;;;
20;COMEDY-ROMANCE;The Wrong Missy;2020;TheWrongMissy_2020.jpg;Tim thinks he's invited the woman of his dreams on a work retreat to Hawaii, realizing too late he mistakenly texted someone from a nightmare blind date.;https://www.youtube.com/watch?v=2Cwaneq2w-4;;;;;;;
21;COMEDY-ROMANCE;On the Rocks;2020;OnTheRocks_2020.jpg;A young mother reconnects with her larger-than-life playboy father on an adventure through New York.;https://www.youtube.com/watch?v=sEdDyQLo9Fk;;;;;;;
2;HORROR;Frankenstein;1931;Frankenstein.jpg;Dr. Frankenstein dares to tamper with life and death by creating a human monster out of lifeless body parts.;https://www.youtube.com/watch?v=NXc5epxOH_c;;;;;;;
3;HORROR;O Gabinete do Doutor Caligari;1920;O_Gabinete_do_Doutor_Caligari.jpg;Hypnotist Dr. Caligari uses a somnambulist, Cesare, to commit murders.;https://www.youtube.com/watch?v=IAtpxqajFak;;;;;;;
4;HORROR;O Exorcista;1973;O_Exorcista.jpg;When a 12-year-old girl is possessed by a mysterious entity, her mother seeks the help of two priests to save her.;https://www.youtube.com/watch?v=cGAZPUKw3lU;;;;;;;
5;HORROR;Nosferatu;1922;Nosferatu.jpg;Vampire Count Orlok expresses interest in a new residence and real estate agent Hutter's wife.;https://www.youtube.com/watch?v=ZxlJxDr26mM;;;;;;;
6;HORROR;A Noiva de Frankenstein;1935;A_Noiva_de_Frankenstein.jpg;Mary Shelley reveals the main characters of her novel survived: Dr. Frankenstein, goaded by an even madder scientist, builds his monster a mate.;https://www.youtube.com/watch?v=VR2uBTMBKVg;;;;;;;
7;HORROR;Tumbbad;2018;Tumbbad.jpg;A mythological story about a goddess who created the entire universe. The plot revolves around the consequences when humans build a temple for her first-born.;https://www.youtube.com/watch?v=sN75MPxgvX8;;;;;;;
8;HORROR;Predador;1987;Predador.jpg;A team of commandos on a mission in a Central American jungle find themselves hunted by an extraterrestrial warrior.;https://www.youtube.com/watch?v=X2hBYGwKh3I;;;;;;;
9;HORROR;Shining;1980;Shining.jpg;A family heads to an isolated hotel for the winter where a sinister presence influences the father into violence, while his psychic son sees horrific forebodings from both past and future.;https://www.youtube.com/watch?v=5Cb3ik6zP2I;;;;;;;
10;HORROR;Zombies Party - Uma Noite... de Morte;2004;Zombies_Party_-_Uma_Noite_de_Morte.jpg;The uneventful, aimless lives of a London electronics salesman and his layabout roommate are disrupted by the zombie apocalypse.;https://www.youtube.com/watch?v=LIfcaZ4pC-4;;;;;;;
11;HORROR;Eu Vi o Diabo;2010;Eu_Vi_o_Diabo.jpg;A secret agent exacts revenge on a serial killer through a series of captures and releases.;https://www.youtube.com/watch?v=-ODrdLnayDs;;;;;;;
2;MISTERY;Incendies;2010;Incendies.jpg;Twins journey to the Middle East to discover their family history and fulfill their mother's last wishes.;https://www.youtube.com/watch?v=0nycksytL1A;;;;;;;
3;MISTERY;Coco;2017;Coco.jpg;Aspiring musician Miguel, confronted with his family's ancestral ban on music, enters the Land of the Dead to find his great-great-grandfather, a legendary singer.;https://www.youtube.com/watch?v=Ga6RYejo6Hk;;;;;;;
4;MISTERY;Seven;1995;Seven.jpg;Two detectives, a rookie and a veteran, hunt a serial killer who uses the seven deadly sins as his motives.;https://www.youtube.com/watch?v=znmZoVkCjpI;;;;;;;
5;MISTERY;The Batman;2022;The_Batman.jpg;When the Riddler, a sadistic serial killer, begins murdering key political figures in Gotham, Batman is forced to investigate the city's hidden corruption and question his family's involvement.;https://www.youtube.com/watch?v=mqqft2x_Aa4;;;;;;;
6;MISTERY;Le Prestige;2006;Le_Prestige.jpg;After a tragic accident, two stage magicians in 1890s London engage in a battle to create the ultimate illusion while sacrificing everything they have to outwit each other.;https://www.youtube.com/watch?v=RLtaA9fFNXU;;;;;;;
7;MISTERY;Usual Suspects;1995;Usual_Suspects.jpg;A sole survivor tells of the twisty events leading up to a horrific gun battle on a boat, which began when five criminals met at a seemingly random police lineup.;https://www.youtube.com/watch?v=oiXdPolca5w;;;;;;;
8;MISTERY;The Father;2020;The_Father.jpg;A man refuses all assistance from his daughter as he ages. As he tries to make sense of his changing circumstances, he begins to doubt his loved ones, his own mind and even the fabric of his reality.;https://www.youtube.com/watch?v=4TZb7YfK-JI;;;;;;;
9;MISTERY;The Tashkent Files;2019;The_Tashkent_Files.jpg;Revolves around the mysterious death of India's 2nd Prime Minister Shri Lal Bahadur Shastri and attempts to uncover if he had actually died a natural death, or, as alleged, was assassinated.;https://www.youtube.com/watch?v=OgWylHdfIdo;;;;;;;
10;MISTERY;The Blue Elephant;2014;The_Blue_Elephant.jpg;The story of Dr. Yehia, a psychotherapist at Al Abbasia hospital. He works in the department treating the criminally insane, only to find his best friend to be one of the patients. Trying ... See full summary »;https://www.youtube.com/watch?v=RIKclQFKFso;;;;;;;
11;MISTERY;Psico;1960;Psyco.jpg;A Phoenix secretary embezzles $40,000 from her employer's client, goes on the run, and checks into a remote motel run by a young man under the domination of his mother.;https://www.youtube.com/watch?v=Wz719b9QUqY;;;;;;;
2;CRIME;Sardar Udham;2021;Sardar_Udham.jpg;A biopic detailing the 2 decades that Punjabi Sikh revolutionary Udham Singh spent planning the assassination of the man responsible for the Jallianwala Bagh massacre.;https://www.youtube.com/watch?v=bLWgKt1-SYo;;;;;;;
3;CRIME;Drishyam 2;2021;Drishyam_2.jpg;A gripping tale of an investigation and a family which is threatened by it. Will Georgekutty be able to protect his family this time?;https://www.youtube.com/watch?v=0f-nd1uGsjQ;;;;;;;
4;CRIME;Tudo Bons Rapazes;1990;Tudo_Bons_Rapazes.jpg;The story of Henry Hill and his life in the mob, covering his relationship with his wife Karen Hill and his mob partners Jimmy Conway and Tommy DeVito in the Italian-American crime syndicate.;https://www.youtube.com/watch?v=J6i_Zbrn-2c;;;;;;;
5;CRIME;O Silêncio dos Inocentes;1991;O_Silencio_dos_Inocentes.jpg;A young F.B.I. cadet must receive the help of an incarcerated and manipulative cannibal killer to help catch another serial killer, a madman who skins his victims.;https://www.youtube.com/watch?v=8Qsq6DrYDxE;;;;;;;
6;CRIME;Os Suspeitos do Costume;1995;Os_Suspeitos_do_Costume.jpg;A sole survivor tells of the twisty events leading up to a horrific gun battle on a boat, which began when five criminals met at a seemingly random police lineup.;https://www.youtube.com/watch?v=oiXdPolca5w;;;;;;;
7;CRIME;Jai Bhim;2021;Jai_Bhim.jpg;When a tribal man is arrested for a case of alleged theft, his wife turns to a human-rights lawyer to help bring justice.;https://www.youtube.com/watch?v=nnXpbTFrqXA;;;;;;;
8;CRIME;O Padrinho;1972;O_Padrinho.jpg;The aging patriarch of an organized crime dynasty in postwar New York City transfers control of his clandestine empire to his reluctant youngest son.;https://www.youtube.com/watch?v=sY1S34973zA;;;;;;;
9;CRIME;Vikram Vedha;2017;Vikram_Vedha.jpg;Vikram, a no-nonsense police officer, accompanied by Simon, his partner, is on the hunt to capture Vedha, a smuggler and a murderer. Vedha tries to change Vikram's life, which leads to a conflict.;https://www.youtube.com/watch?v=1sVr-uWZPjE;;;;;;;
10;CRIME;Cidade de Deus;2002;Cidade_de_Deus.jpg;In the slums of Rio, two kids' paths diverge as one struggles to become a photographer and the other a kingpin.;https://www.youtube.com/watch?v=nBWtTrLxUjM;;;;;;;
11;CRIME;Drishyam;2013;Drishyam.jpg;A man goes to extreme lengths to save his family from punishment after the family commits an accidental crime.;https://www.youtube.com/watch?v=AuuX2j14NBg;;;;;;;
2;COMEDY-ACTION;;;;;;;;;;;;
3;COMEDY-ACTION;;;;;;;;;;;;
4;COMEDY-ACTION;;;;;;;;;;;;
5;COMEDY-ACTION;;;;;;;;;;;;
6;COMEDY-ACTION;;;;;;;;;;;;
7;COMEDY-ACTION;;;;;;;;;;;;
8;COMEDY-ACTION;;;;;;;;;;;;
9;COMEDY-ACTION;;;;;;;;;;;;
10;COMEDY-ACTION;;;;;;;;;;;;
11;COMEDY-ACTION;;;;;;;;;;;;
2;MUSICAL;Música no Coração;1965;Musica_no_Coracao.jpg;A young novitiate is sent by her convent in 1930s Austria to become a governess to the seven children of a widowed naval officer.;https://www.youtube.com/watch?v=meuO4FYuJVw;;;;;;;
3;MUSICAL;Os Chapéus de Chuva de Cherburgo;1964;Os_Chapeus_de_Chuva_de_Cherburgo.jpg;A young woman separated from her lover by war faces a life-altering decision.;https://www.youtube.com/watch?v=gt2l83F1PUA;;;;;;;
4;MUSICAL;Serenata à Chuva;1952;Serenata_a_Chuva.jpg;A silent film star falls for a chorus girl just as he and his delusionally jealous screen partner are trying to make the difficult transition to talking pictures in 1920s Hollywood.;https://www.youtube.com/watch?v=0S_-s4vJxMU;;;;;;;
5;MUSICAL;Fogo Real;1975;Fogo_Real.jpg;After his family is murdered by a notorious and ruthless bandit, a former police officer enlists the services of two outlaws to capture the bandit.;https://www.youtube.com/watch?v=dFIb7piHiWk;;;;;;;
6;MUSICAL;Anand;1971;Anand.jpg;The story of a terminally ill man who wishes to live life to the fullest before the inevitable occurs, as told by his best friend.;https://www.youtube.com/watch?v=vdoMF0qwtAQ;;;;;;;
7;MUSICAL;Minha Linda Lady;1964;Minha_Linda_Lady.jpg;In 1910s London, snobbish phonetics professor Henry Higgins agrees to a wager that he can make crude flower girl Eliza Doolittle presentable in high society.;https://www.youtube.com/watch?v=c880_rbzbxk;;;;;;;
8;MUSICAL;Hamilton;2020;Hamilton.jpg;The real life of one of America's foremost founding fathers and first Secretary of the Treasury, Alexander Hamilton. Captured live on Broadway from the Richard Rodgers Theater with the original Broadway cast.;https://www.youtube.com/watch?v=DSCKfXpAGHc;;;;;;;
9;MUSICAL;O Estranho Mundo de Jack;1993;O_Estranho_Mundo_de_Jack.jpg;Jack Skellington, king of Halloween Town, discovers Christmas Town, but his attempts to bring Christmas to his home causes confusion.;https://www.youtube.com/watch?v=423x_wNlYwY;;;;;;;
10;MUSICAL;O Dueto da Corda;1980;O_Dueto_da_Corda.jpg;Jake Blues rejoins with his brother Elwood after being released from prison, but the duo has just days to reunite their old R&B band and save the Catholic home where the two were raised, outrunning the police as they tear through Chicago.;https://www.youtube.com/watch?v=VJjvTcnPtJk;;;;;;;
11;MUSICAL;Dancer in the Dark;2000;Dancer_in_the_Dark.jpg;An Eastern European US immigrant with a love for musicals has to cope with the gradual loss of her vision.;https://www.youtube.com/watch?v=53vr9EiOH7g;;;;;;;
2;BIBLOGRAPHY;12 Anos Escravo;2013;12_Anos_Escravo.jpg;In the antebellum United States, Solomon Northup, a free black man from upstate New York, is abducted and sold into slavery.;https://www.youtube.com/watch?v=xSL_sCHDsHc;;;;;;;
3;BIBLOGRAPHY;Dersu Uzala - A Águia da Estepe;1975;Dersu_Uzala_A_aguia_da_Estepe.jpg;The Russian army sends an explorer on an expedition to the snowy Siberian wilderness where he makes friends with a seasoned local hunter.;https://www.youtube.com/watch?v=UEpnV3UG-EU;;;;;;;
4;BIBLOGRAPHY;A Paixão de Joana d'Arc;1928;A_Paixao_de_Joana_dArc.jpg;In 1431, Jeanne d'Arc is placed on trial on charges of heresy. The ecclesiastical jurists attempt to force Jeanne to recant her claims of holy visions.;https://www.youtube.com/watch?v=QK25W23Hjj8;;;;;;;
5;BIBLOGRAPHY;O Herói de Hacksaw Ridge;2016;O_Heroi_de_Hacksaw_Ridge.jpg;World War II American Army Medic Desmond T. Doss, who served during the Battle of Okinawa, refuses to kill people and becomes the first man in American history to receive the Medal of Honor without firing a shot.;https://www.youtube.com/watch?v=s2-1hz1juBI;;;;;;;
6;BIBLOGRAPHY;Shershaah;2021;Shershaah.jpg;The story of PVC awardee Indian soldier Capt. Vikram Batra, who shot to fame and became a household name during the Kargil War in 1999.;https://www.youtube.com/watch?v=Q0FTXnefVBA;;;;;;;
7;BIBLOGRAPHY;O Touro Enraivecido;1980;O_Touro_Enraivecido.jpg;The life of boxer Jake LaMotta, whose violence and temper that led him to the top in the ring destroyed his life outside of it.;https://www.youtube.com/watch?v=yUp6d79WRVI;;;;;;;
8;BIBLOGRAPHY;Green Book - Um Guia Para a Vida;2018;Green_Book_Um_Guia_Para_a_Vida.jpg;A working-class Italian-American bouncer becomes the driver of an African-American classical pianist on a tour of venues through the 1960s American South.;https://www.youtube.com/watch?v=QxXJ7vkFk48;;;;;;;
9;BIBLOGRAPHY;Amadeus;1984;Amadeus.jpg;The life, success and troubles of Wolfgang Amadeus Mozart, as told by Antonio Salieri, the contemporaneous composer who was insanely jealous of Mozart's talent and claimed to have murdered him.;https://www.youtube.com/watch?v=r7kWQj9FCGY;;;;;;;
10;BIBLOGRAPHY;O Homem Elefante;1980;O_Homem_Elefante.jpg;A Victorian surgeon rescues a heavily disfigured man who is mistreated while scraping a living as a side-show freak. Behind his monstrous façade, there is revealed a person of kindness, intelligence and sophistication.;https://www.youtube.com/watch?v=JQJdFwVXBTs;;;;;;;
11;BIBLOGRAPHY;Ayla: The Daughter of War;2017;Ayla__The_Daughter_of_War.jpg;In 1950, amid-st the ravages of the Korean War, Sergeant Süleyman stumbles upon a half-frozen little girl, with no parents and no help in sight. Frantic, scared and on the verge of death, ... See full summary »;https://www.youtube.com/watch?v=3i7uZ9mdt14;;;;;;;
2;HISTORY;Maomé - O Mensageiro de Deus;1976;Maome_O_Mensageiro_de_Deus.jpg;This epic historical drama chronicles the life and times of Prophet Muhammad and serves as an introduction to early Islamic history.;https://www.youtube.com/watch?v=AedBPzbgcZE;;;;;;;
3;HISTORY;A Queda: Hitler e o Fim do Terceiro Reich;2004;A_Queda__Hitler_e_o_Fim_do_Terceiro_Reich.jpg;Traudl Junge, the final secretary for Adolf Hitler, tells of the Nazi dictator's final days in his Berlin bunker at the end of WWII.;https://www.youtube.com/watch?v=RGmYwl5JAOg;;;;;;;
4;HISTORY;JFK;1991;JFK.jpg;New Orleans District Attorney Jim Garrison discovers there's more to the Kennedy assassination than the official story.;https://www.youtube.com/watch?v=w16bYZ-4nmE;;;;;;;
5;HISTORY;Esposas e Concubinas;1991;Esposas_e_Concubinas.jpg;A young woman becomes the fourth wife of a wealthy lord, and must learn to live with the strict rules and tensions within the household.;https://www.youtube.com/watch?v=NKER71thf_w;;;;;;;
6;HISTORY;Persépolis;2007;Persepolis.jpg;A precocious and outspoken Iranian girl grows up during the Islamic Revolution.;https://www.youtube.com/watch?v=3PXHeKuBzPY;;;;;;;
7;HISTORY;E Tudo o Vento Levou;1939;E_Tudo_o_Vento_Levou.jpg;The manipulative daughter of a Georgia plantation owner conducts a turbulent romance with a roguish profiteer during the American Civil War and Reconstruction periods.;https://www.youtube.com/watch?v=KxYVSblvWQk;;;;;;;
8;HISTORY;O Discurso do Rei;2010;O_Discurso_do_Rei.jpg;The story of King George VI, his impromptu ascension to the throne of the British Empire in 1936, and the speech therapist who helped the unsure monarch overcome his stammer.;https://www.youtube.com/watch?v=MBw-pEMr4Wo;;;;;;;
9;HISTORY;Andrei Rublev;1966;Andrei_Rublev.jpg;The life, times and afflictions of the fifteenth-century Russian iconographer St. Andrei Rublev.;https://www.youtube.com/watch?v=ecw0MVUmXFw;;;;;;;
10;HISTORY;A Sangue Frio;1967;a_sangue_frio.jpg;Two ex-cons murder a family in a robbery attempt, before going on the run from the authorities. The police try to piece together the details of the murder in an attempt to track down the killers.;https://www.youtube.com/watch?v=ecw0MVUmXFw&t;;;;;;;
11;HISTORY;Terras de Minas;2015;terra_de_minas.jpg;In post-World War II Denmark, a group of young German POWs are forced to clear a beach of thousands of land mines under the watch of a Danish Sergeant who slowly learns to appreciate their plight.;https://www.youtube.com/watch?v=maTMNF7cruk;;;;;;;
2;WESTERN;Danças com Lobos;1990;Dancas_com_Lobos.jpg;Lieutenant John Dunbar, assigned to a remote western Civil War outpost, befriends wolves and Native Americans, making him an intolerable aberration in the military.;https://www.youtube.com/watch?v=8ZcT9OGsmFA;;;;;;;
3;WESTERN;Dois Homens e Um Destino;1969;Dois_Homens_e_Um_Destino.jpg;Wyoming, early 1900s. Butch Cassidy and The Sundance Kid are the leaders of a band of outlaws. After a train robbery goes wrong they find themselves on the run with a posse hard on their heels. Their solution - escape to Bolivia.;https://www.youtube.com/watch?v=8UGD38ZIHBU;;;;;;;
4;WESTERN;A Quimera do Ouro;1925;A_Quimera_do_Ouro.jpg;A prospector goes to the Klondike during the 1890s gold rush in hopes of making his fortune, and is smitten with a girl he sees in a dance hall.;https://www.youtube.com/watch?v=kDlEvaKBkhU;;;;;;;
5;WESTERN;Balbúrdia no Oeste;1974;Balburdia_no_Oeste.jpg;In order to ruin a western town, a corrupt politician appoints a black Sheriff, who promptly becomes his most formidable adversary.;https://www.youtube.com/watch?v=VKayG1TrfuE;;;;;;;
6;WESTERN;O Rio Vermelho;1948;O_Rio_Vermelho.jpg;Dunson leads a cattle drive, the culmination of over 14 years of work, to its destination in Missouri. But his tyrannical behavior along the way causes a mutiny, led by his adopted son.;https://www.youtube.com/watch?v=4TdX4O4dE90;;;;;;;
7;WESTERN;Rio Bravo;1959;Rio_Bravo.jpg;A small-town sheriff in the American West enlists the help of a disabled man, a drunk, and a young gunfighter in his efforts to hold in jail the brother of the local bad guy.;https://www.youtube.com/watch?v=WPO12ZzGS84;;;;;;;
8;WESTERN;O Homem Que Matou Liberty Valance;1962;O_Homem_Que_Matou_Liberty_Valance.jpg;A senator returns to a western town for the funeral of an old friend and tells the story of his origins.;https://www.youtube.com/watch?v=Q6iEna2pJqM;;;;;;;
9;WESTERN;Aguenta-te, Canalha!;1971;Aguenta_te_Canalha.jpg;A low-life bandit and an I.R.A. explosives expert rebel against the government and become heroes of the Mexican Revolution.;https://www.youtube.com/watch?v=YxR_p6heHQI;;;;;;;
10;WESTERN;Os Sete Magníficos;1960;Os_Sete_Magnificos.jpg;Seven gunfighters are hired by Mexican peasants to liberate their village from oppressive bandits.;https://www.youtube.com/watch?v=q-RBA0xoaWU;;;;;;;
11;WESTERN;O Pequeno Grande Homem;1970;O_Pequeno_Grande_Homem.jpg;Jack Crabb, looking back from extreme old age, tells of his life being raised by Native Americans and fighting with General Custer.;https://www.youtube.com/watch?v=fo1Pb4T9qhs;;;;;;;
2;WAR;1917;2019;1917.jpg;April 6th, 1917. As an infantry battalion assembles to wage war deep in enemy territory, two soldiers are assigned to race against time and deliver a message that will stop 1,600 men from walking straight into a deadly trap.;https://www.youtube.com/watch?v=YqNYrYUiMfg;;;;;;;
3;WAR;Apocalypse Now;1979;Apocalypse_Now.jpg;A U.S. Army officer serving in Vietnam is tasked with assassinating a renegade Special Forces Colonel who sees himself as a god.;https://www.youtube.com/watch?v=FTjG-Aux_yQ;;;;;;;
4;WAR;Uri: The Surgical Strike;2019;Uri__The_Surgical_Strike.jpg;Indian army special forces execute a covert operation, avenging the killing of fellow army men at their base by a terrorist group.;https://www.youtube.com/watch?v=VVY3do673Zc;;;;;;;
5;WAR;Dara iz Jasenovca;2020;Dara_iz_Jasenovca.jpg;Follows the story of a young girl named Dara who is sent to a concentration camp in Croatia during World War 2.;https://www.youtube.com/watch?v=7RDs2Vuw_AQ;;;;;;;
6;WAR;Dr. Estranhoamor;1964;Dr_Estranhoamor.jpg;An insane American general orders a bombing attack on the Soviet Union, triggering a path to nuclear holocaust that a war room full of politicians and generals frantically tries to stop.;https://www.youtube.com/watch?v=jPU1AYTxwg4;;;;;;;
7;WAR;Horizontes de Glória;1957;Horizontes_de_Gloria.jpg;After refusing to attack an enemy position, a general accuses the soldiers of cowardice and their commanding officer must defend them.;https://www.youtube.com/watch?v=jtDcvriBc8s;;;;;;;
8;WAR;O Grande Ditador;1940;O_Grande_Ditador.jpg;Dictator Adenoid Hynkel tries to expand his empire while a poor Jewish barber tries to avoid persecution from Hynkel's regime.;https://www.youtube.com/watch?v=AUWcT75iKDE;;;;;;;
9;WAR;O Julgamento de Nuremberga;1961;O_Julgamento_de_Nuremberga.jpg;In 1948, an American court in occupied Germany tries four Nazis judged for war crimes.;https://www.youtube.com/watch?v=RfOgZXIQ6fo;;;;;;;
10;WAR;O Pianista;2002;O_Pianista.jpg;A Polish Jewish musician struggles to survive the destruction of the Warsaw ghetto of World War II.;https://www.youtube.com/watch?v=BFwGqLa_oAo;;;;;;;
11;WAR;O Resgate do Soldado Ryan;1998;O_Resgate_do_Soldado_Ryan.jpg;Following the Normandy Landings, a group of U.S. soldiers go behind enemy lines to retrieve a paratrooper whose brothers have been killed in action.;https://www.youtube.com/watch?v=WdHJ_nLRjIA;;;;;;;
2;CULT;Pulp Fiction;1994;pulp_fiction.jpg;The lives of two mob hitmen, a boxer, a gangster and his wife, and a pair of diner bandits intertwine in four tales of violence and redemption.;https://www.youtube.com/watch?v=s7EdQ4FqbhY;;;;;;;
3;CULT;Festival Rocky de Terror;1975;festival_rocky.jpg;A newly-engaged couple have a breakdown in an isolated area and must seek shelter at the bizarre residence of Dr. Frank-n-Furter.;https://www.youtube.com/watch?v=fxqEwVhPw6U;;;;;;;
4;CULT;This Is Spinal Tap;1984;this_is_spinal.jpg;Spinal Tap, one of England's loudest bands, is chronicled by film director Marty DiBergi on what proves to be a fateful tour.;https://www.youtube.com/watch?v=N63XSUpe-0o;;;;;;;
5;CULT;A Vida É Bela;1997;A_Vida_E_Bela.jpg;When an open-minded Jewish waiter and his son become victims of the Holocaust, he uses a perfect mixture of will, humor, and imagination to protect his son from the dangers around their camp.;https://www.youtube.com/watch?v=iimUiHXmvIg;;;;;;;
6;CULT;;;;;;;;;;;;
7;CULT;;;;;;;;;;;;
8;CULT;;;;;;;;;;;;
9;CULT;;;;;;;;;;;;
10;CULT;;;;;;;;;;;;
11;CULT;;;;;;;;;;;;